date, pm25, pm10, o3, no2, so2, co
2024/11/1, 71, 40, , 14, , 6
2024/11/2, 77, 38, , 8, 1, 6
2024/11/3, 77, 30, , 10, , 5
2024/11/4, 64, 38, , 15, , 5
2024/11/5, 72, 50, , 15, 1, 4
2024/11/6, 101, 56, , 14, 1, 5
2024/11/7, 117, 68, , 16, , 5
2024/11/8, 151, 47, , 10, , 5
2024/11/9, 110, 24, , 7, , 2
2024/11/10, 50, 33, , 13, , 5
2024/11/11, 68, 31, , 12, , 4
2024/11/12, 71, 20, , 10, , 4
2024/11/13, 42, , , , , 
2024/10/1, 26, 26, , 9, 1, 3
2024/10/2, 43, 14, , 4, , 3
2024/10/3, 27, 19, , 5, , 3
2024/10/4, 38, 28, , 10, , 4
2024/10/5, 57, 28, , 9, , 4
2024/10/6, 66, 26, , 8, , 4
2024/10/7, 68, 30, , 14, , 5
2024/10/8, 64, 43, , 14, , 6
2024/10/9, 87, 33, , 13, , 5
2024/10/10, 65, 27, , 11, , 5
2024/10/11, 53, 28, , 10, , 6
2024/10/12, 61, 42, , 14, , 6
2024/10/13, 87, 52, , 15, , 8
2024/10/14, 109, 52, , 17, 1, 7
2024/10/15, 107, 50, , 18, 1, 6
2024/10/16, 108, 19, , 8, , 4
2024/10/17, 42, 30, , 15, 1, 5
2024/10/18, 65, 18, , 10, , 4
2024/10/19, 44, 8, , 6, , 4
2024/10/20, 20, 12, , 11, , 4
2024/10/21, 30, 26, , 13, , 4
2024/10/22, 38, 46, , 16, 1, 6
2024/10/23, 78, 59, , 19, 1, 6
2024/10/24, 124, 41, , 13, 1, 5
2024/10/25, 77, 26, , 15, , 4
2024/10/26, 55, 25, , 13, , 4
2024/10/27, 51, 40, , 15, , 6
2024/10/28, 77, 53, , 17, , 6
2024/10/29, 106, 42, , 11, , 5
2024/10/30, 81, 38, , 11, , 4
2024/10/31, 76, 38, , 14, , 6
2024/7/1, 40, 22, , 10, , 4
2024/7/2, 42, 15, , 1, , 4
2024/7/3, 36, 17, , 2, , 3
2024/7/4, 31, 24, , 6, , 4
2024/7/5, 60, 37, , 6, 1, 5
2024/7/6, 80, 29, , 3, , 4
2024/7/7, 63, 11, , 1, , 3
2024/7/8, 27, 11, , 1, , 3
2024/7/9, 21, 15, , 5, , 6
2024/7/10, 33, 19, , 6, , 4
2024/7/11, 31, 24, , 9, , 5
2024/7/12, 44, 14, , 3, , 4
2024/7/13, 34, 9, , 2, , 4
2024/7/14, 21, 11, , 2, , 5
2024/7/15, 36, 18, , 4, , 5
2024/7/16, 36, 17, , 3, , 2
2024/7/17, 37, 15, , 3, , 2
2024/7/18, 31, 16, , 3, 1, 2
2024/7/19, 41, 16, , 4, 1, 1
2024/7/20, 37, 18, , 6, 1, 2
2024/7/21, 43, 19, , 5, , 2
2024/7/22, 47, 24, , 5, 1, 2
2024/7/23, 49, 19, , 3, 1, 1
2024/7/24, 39, 33, , 8, 1, 2
2024/7/25, 46, 50, , 10, 1, 2
2024/7/26, 66, 43, , 9, 1, 3
2024/7/27, 63, 19, , 6, , 2
2024/7/28, 37, 15, , 4, , 2
2024/7/29, 36, 20, , 8, 1, 3
2024/7/30, 36, 25, , 7, 1, 3
2024/7/31, 58, 37, , 8, 2, 2
2024/8/1, 76, 33, , 9, 1, 3
2024/8/2, 70, 19, , 3, 1, 2
2024/8/3, 45, 11, , 2, 1, 2
2024/8/4, 23, 19, , 2, 1, 2
2024/8/5, 45, 30, , 6, 1, 3
2024/8/6, 60, 24, , 3, , 2
2024/8/7, 50, 22, , 3, , 3
2024/8/8, 43, 32, , 5, , 3
2024/8/9, 58, 22, , 7, , 3
2024/8/10, 39, 41, , 11, , 3
2024/8/11, 51, 47, , 12, 1, 3
2024/8/12, 63, 46, , 12, 1, 4
2024/8/13, 68, 52, , 11, 5, 5
2024/8/14, 85, 30, , 8, , 3
2024/8/15, 60, 41, , 15, , 3
2024/8/16, 91, 29, , 13, 1, 4
2024/8/17, 54, 29, , 8, 1, 3
2024/8/18, 62, 28, , 9, , 3
2024/8/19, 62, 43, , 12, 1, 4
2024/8/20, 90, 51, , 12, 1, 5
2024/8/21, 108, 54, , 5, 1, 7
2024/8/22, 105, 45, , 4, , 7
2024/8/23, 92, 31, , 4, 1, 7
2024/8/24, 62, 41, , 3, , 8
2024/8/25, 90, 26, , 5, , 6
2024/8/26, 58, 35, , 3, , 7
2024/8/27, 66, 41, , 6, , 6
2024/8/28, 78, 32, , 1, , 5
2024/8/29, 63, 28, , 1, 1, 5
2024/8/30, 53, 32, , 1, 1, 5
2024/8/31, 61, 23, , 3, , 5
2024/9/1, 45, 31, , 6, 1, 6
2024/9/2, 66, 22, , 5, , 4
2024/9/3, 48, 27, , 6, , 3
2024/9/4, 55, 20, , 4, , 2
2024/9/5, 39, 26, , 8, , 3
2024/9/6, 51, 22, , 4, , 3
2024/9/7, 52, 28, , 6, , 3
2024/9/8, 61, 29, , 4, 1, 3
2024/9/9, 58, 19, , 4, 1, 2
2024/9/10, 32, 21, , 8, , 2
2024/9/11, 40, 26, , 9, , 4
2024/9/12, 52, 25, , 4, 1, 4
2024/9/13, 54, 19, , 7, , 4
2024/9/14, 48, 15, , 6, , 4
2024/9/15, 36, 31, , 9, 1, 5
2024/9/16, 58, 27, , 7, 1, 5
2024/9/17, 47, 35, , 10, 2, 5
2024/9/18, 72, 37, , 11, 1, 5
2024/9/19, 75, 36, , 8, 2, 5
2024/9/20, 62, 16, , 7, 1, 3
2024/9/21, 28, 26, , 8, 1, 4
2024/9/22, 43, 28, , 7, 1, 4
2024/9/23, 49, 38, , 11, , 5
2024/9/24, 67, 59, , 11, 1, 6
2024/9/25, 124, 57, , 14, , 6
2024/9/26, 121, 63, , 15, 1, 7
2024/9/27, 136, 59, , 9, 1, 6
2024/9/28, 133, 33, , 5, 1, 4
2024/9/29, 69, 10, , 5, , 2
2024/9/30, 19, 17, , 9, 1, 4
2024/4/1, 94, 55, , 8, 1, 4
2024/4/2, 98, 66, , 6, , 4
2024/4/3, 113, 50, , 6, , 4
2024/4/4, 83, 25, , 3, , 4
2024/4/5, 51, 31, , 5, , 3
2024/4/6, 54, 26, , 7, , 3
2024/4/7, 56, 34, , 12, , 5
2024/4/8, 65, 39, , 10, , 5
2024/4/9, 78, 28, , 5, 1, 5
2024/4/10, 55, 25, , 6, 1, 5
2024/4/11, 54, 36, , 12, 1, 6
2024/4/12, 71, 59, , 14, 1, 7
2024/4/13, 123, 60, , 12, 1, 7
2024/4/14, 123, 67, , 15, 2, 8
2024/4/15, 132, 49, , 6, 1, 5
2024/4/16, 84, 50, , 6, 1, 4
2024/4/17, 93, 27, , 6, 1, 4
2024/4/18, 53, 24, , 7, 1, 4
2024/4/19, 47, 51, , 8, 1, 3
2024/4/20, 83, 83, , 7, 1, 3
2024/4/21, 120, 51, , 5, , 4
2024/4/22, 89, 30, , 9, 4, 3
2024/4/23, 46, 26, , 5, 3, 3
2024/4/24, 47, 30, , 8, 2, 4
2024/4/25, 54, 57, , 12, 3, 6
2024/4/26, 131, 58, , 11, 3, 6
2024/4/27, 127, 77, , 11, 3, 7
2024/4/28, 164, 40, , 4, 3, 4
2024/4/29, 83, 14, , 5, 1, 2
2024/4/30, 24, 36, , 5, , 4
2024/5/1, 80, 25, , 2, , 3
2024/5/2, 58, 18, , 2, , 3
2024/5/3, 34, 24, , 6, , 4
2024/5/4, 41, 41, , 8, 1, 4
2024/5/5, 74, 59, , 12, 1, 6
2024/5/6, 114, 66, , 22, , 7
2024/5/7, 133, 36, , 13, , 5
2024/5/8, 78, 40, , 8, , 4
2024/5/9, 81, 51, , 11, , 5
2024/5/10, 118, 49, , 6, , 4
2024/5/11, 85, 49, , 8, 1, 3
2024/5/12, 65, 38, , 6, , 3
2024/5/13, 49, 50, , 12, 1, 4
2024/5/14, 77, 57, , 14, 1, 5
2024/5/15, 114, 61, , 14, 1, 5
2024/5/16, 116, 67, , 12, 1, 6
2024/5/17, 139, 56, , 9, 1, 5
2024/5/18, 121, 40, , 5, , 4
2024/5/19, 84, 28, , 8, 1, 4
2024/5/20, 44, 30, , 5, , 4
2024/5/21, 58, 49, , 11, 1, 6
2024/5/22, 94, 52, , 11, 1, 6
2024/5/23, 110, 50, , 11, 1, 6
2024/5/24, 104, 46, , 6, 1, 5
2024/5/25, 83, 37, , 4, , 3
2024/5/26, 63, 35, , 5, , 3
2024/5/27, 64, 21, , 4, , 2
2024/5/28, 40, 15, , 2, , 1
2024/5/29, 34, 23, , 5, , 1
2024/5/30, 39, 50, , 11, 1, 2
2024/5/31, 66, 41, , 5, , 2
2024/6/1, 60, 23, , 2, , 1
2024/6/2, 51, 31, , 7, , 2
2024/6/3, 66, 24, , 4, 1, 2
2024/6/4, 57, 25, , 2, , 2
2024/6/5, 48, 33, , 5, , 3
2024/6/6, 68, 25, , 5, , 4
2024/6/7, 58, 32, , 9, , 4
2024/6/8, 70, 32, , 6, , 3
2024/6/9, 69, 56, , 10, 1, 5
2024/6/10, 116, 26, , 4, , 3
2024/6/11, 51, 23, , 4, , 3
2024/6/12, 42, 45, , 13, 1, 5
2024/6/13, 90, 53, , 11, 1, 5
2024/6/14, 109, 50, , 12, , 5
2024/6/15, 102, 36, , 6, , 4
2024/6/16, 76, 15, , 4, , 3
2024/6/17, 31, 28, , 7, , 3
2024/6/18, 57, 20, , 4, , 3
2024/6/19, 48, 28, , 5, , 4
2024/6/20, 65, 24, , 6, , 4
2024/6/21, 61, 24, , 6, , 3
2024/6/22, 47, 44, , 12, 2, 5
2024/6/23, 78, 39, , 11, 1, 4
2024/6/24, 72, 25, , 6, , 4
2024/6/25, 48, 20, , 3, 1, 3
2024/6/26, 48, 18, , 4, , 4
2024/6/27, 40, 24, , 4, , 4
2024/6/28, 47, 39, , 7, 2, 5
2024/6/29, 86, 45, , 9, 1, 6
2024/6/30, 99, 17, , 4, , 2
2024/1/1, 194, 74, , 19, , 11
2024/1/2, 162, 67, , 20, , 11
2024/1/3, 149, 63, , 16, , 6
2024/1/4, 145, 76, , 23, , 9
2024/1/5, 158, 80, , 29, , 9
2024/1/6, 162, 80, , 25, , 8
2024/1/7, 159, 97, , 28, , 11
2024/1/8, 178, 79, , 19, , 8
2024/1/9, 162, 81, , 25, , 11
2024/1/10, 166, 92, , 28, , 12
2024/1/11, 176, 101, , 25, , 12
2024/1/12, 183, 116, , 28, , 11
2024/1/13, 196, 88, , 20, , 9
2024/1/14, 171, 81, , 25, , 9
2024/1/15, 164, 43, , 14, , 7
2024/1/16, 87, 53, , 23, , 8
2024/1/17, 102, 72, , 27, , 9
2024/1/18, 151, 53, , 18, , 7
2024/1/19, 109, 41, , 16, , 6
2024/1/20, 75, 34, , 7, 1, 5
2024/1/21, 70, 36, , 10, , 3
2024/1/22, 66, 37, , 10, , 4
2024/1/23, 82, 28, , 9, , 5
2024/1/24, 67, 39, , 15, , 6
2024/1/25, 81, 53, , 16, , 7
2024/1/26, 115, 48, , 15, , 6
2024/1/27, 113, 55, , 20, , 7
2024/1/28, 122, 71, , 23, , 8
2024/1/29, 157, 74, , 20, , 8
2024/1/30, 160, 80, , 20, 4, 9
2024/1/31, 168, 62, , 17, , 7
2024/2/1, 139, 42, , 12, , 6
2024/2/2, 97, 26, , 11, , 8
2024/2/3, 55, 26, , 8, , 7
2024/2/4, 62, 32, , 11, , 7
2024/2/5, 75, 43, , 10, , 7
2024/2/6, 92, 44, , 11, , 6
2024/2/7, 104, 60, , 15, , 7
2024/2/8, 150, 55, , 11, 1, 6
2024/2/9, 134, 89, , 12, 1, 8
2024/2/10, 188, 88, , 16, 1, 8
2024/2/11, 185, 78, , 15, , 8
2024/2/12, 171, 74, , 18, 1, 8
2024/2/13, 166, 69, , 14, , 6
2024/2/14, 143, 38, , 5, , 3
2024/2/15, 68, 34, , 10, , 3
2024/2/16, 56, 51, , 13, , 4
2024/2/17, 111, 55, , 14, , 5
2024/2/18, 126, 159, , 10, , 3
2024/2/19, 165, 299, , 9, , 4
2024/2/20, 189, 42, , 4, , 3
2024/2/21, 51, 54, , 5, , 4
2024/2/22, 78, 23, , 6, , 4
2024/2/23, 51, 44, , 8, , 5
2024/2/24, 98, 55, , 16, , 7
2024/2/25, 121, 61, , 18, , 7
2024/2/26, 141, 63, , 18, , 6
2024/2/27, 148, 55, , 14, , 6
2024/2/28, 140, 34, , 11, , 5
2024/2/29, 79, 44, , 13, , 6
2024/3/1, 112, 45, , 15, , 6
2024/3/2, 110, 66, , 21, , 7
2024/3/3, 157, 66, , 18, 1, 7
2024/3/4, 153, 58, , 17, 1, 6
2024/3/5, 119, 58, , 21, , 5
2024/3/6, 95, 68, , 19, 1, 5
2024/3/7, 111, 75, , 25, 1, 7
2024/3/8, 140, 69, , 16, , 7
2024/3/9, 151, 65, , 17, 1, 7
2024/3/10, 149, 43, , 11, , 6
2024/3/11, 88, 66, , 21, 1, 7
2024/3/12, 129, 32, , 8, , 4
2024/3/13, 61, 30, , 7, , 4
2024/3/14, 56, 53, , 8, 1, 5
2024/3/15, 118, 59, , 7, , 5
2024/3/16, 114, 89, , 5, , 3
2024/3/17, 116, 45, , 5, , 3
2024/3/18, 70, 47, , 9, , 4
2024/3/19, 78, 60, , 10, 1, 5
2024/3/20, 101, 62, , 14, 1, 7
2024/3/21, 99, 76, , 24, 2, 9
2024/3/22, 134, 78, , 20, 2, 10
2024/3/23, 148, 41, , 5, , 7
2024/3/24, 72, 18, , 4, 2, 5
2024/3/25, 32, 29, , 9, 1, 4
2024/3/26, 51, 42, , 15, 1, 6
2024/3/27, 79, 33, , 12, 1, 5
2024/3/28, 65, 60, , 21, 1, 7
2024/3/29, 101, 45, , 16, 1, 6
2024/3/30, 82, 45, , 16, 1, 6
2024/3/31, 82, 52, , 14, 1, 6
2023/10/1, 96, 28, 19, 9, , 5
2023/10/2, 65, 31, 24, 10, , 6
2023/10/3, 67, 33, 15, 10, , 6
2023/10/4, 68, 17, 18, 6, , 4
2023/10/5, 37, 12, 18, 6, , 4
2023/10/6, 27, 15, 38, 6, , 5
2023/10/7, 35, 27, 18, 9, , 6
2023/10/8, 64, 19, 10, 9, 1, 5
2023/10/9, 45, 27, 25, 4, , 3
2023/10/10, 69, 25, 17, 3, , 3
2023/10/11, 70, 16, 20, 3, , 2
2023/10/12, 43, 24, 23, 9, , 5
2023/10/13, 45, 29, 46, 9, 1, 4
2023/10/14, 62, 37, 36, 8, , 4
2023/10/15, 87, 49, 24, 12, , 5
2023/10/16, 102, 50, 23, 9, , 4
2023/10/17, 112, 26, 19, 6, , 2
2023/10/18, 57, 18, 17, 10, , 2
2023/10/19, 34, 27, 17, 15, , 3
2023/10/20, 52, 48, 32, 16, , 5
2023/10/21, 98, 52, 45, 15, 1, 5
2023/10/22, 115, 64, 30, 21, , 6
2023/10/23, 146, 79, 27, 31, , 9
2023/10/24, 162, 74, 19, 25, , 7
2023/10/25, 152, 46, 5, 20, , 6
2023/10/26, 106, 13, 32, 11, , 2
2023/10/27, 27, 29, 30, 13, 1, 4
2023/10/28, 67, 45, 25, 17, 1, 5
2023/10/29, 103, 58, 18, 22, , 7
2023/10/30, 131, 56, 27, 15, , 5
2023/10/31, 142, 62, 18, 24, , 8
2023/11/1, 140, 58, 19, 19, , 7
2023/11/2, 131, 43, 15, 19, , 6
2023/11/3, 89, 48, 25, 17, , 7
2023/11/4, 102, 34, 38, 14, , 4
2023/11/5, 60, 38, 30, 15, , 4
2023/11/6, 53, 62, 26, 21, 1, 6
2023/11/7, 128, 59, 11, 21, , 6
2023/11/8, 121, 65, 42, 17, , 7
2023/11/9, 149, , , , , 
2023/11/13, 61, 36, , 14, , 4
2023/11/14, 81, 40, , 12, , 4
2023/11/15, 72, 55, , 15, , 5
2023/11/16, 87, 68, , 21, , 6
2023/11/17, 121, 77, , 23, , 7
2023/11/18, 151, 78, , 20, , 7
2023/11/19, 160, 81, , 24, , 8
2023/11/20, 164, 90, , 20, , 7
2023/11/21, 174, 64, , 17, , 7
2023/11/22, 142, 72, , 20, , 8
2023/11/23, 158, 93, , 25, 1, 10
2023/11/24, 176, 75, , 15, 1, 7
2023/11/25, 143, 43, , 17, , 5
2023/11/26, 78, 61, , 22, , 7
2023/11/27, 115, 71, , 21, , 7
2023/11/28, 154, 62, , 19, , 6
2023/11/29, 125, 46, , 11, , 4
2023/11/30, 83, 37, , 13, 1, 4
2023/12/1, 71, 45, , 14, , 5
2023/12/2, 97, 61, , 14, , 6
2023/12/3, 146, 70, , 17, 1, 9
2023/12/4, 158, 62, , 20, , 8
2023/12/5, 146, 68, , 16, 1, 9
2023/12/6, 151, 84, , 23, , 9
2023/12/7, 166, 95, , 23, , 10
2023/12/8, 181, 101, , 26, 1, 11
2023/12/9, 190, 120, , 28, , 12
2023/12/10, 214, 90, , 21, , 11
2023/12/11, 173, 64, , 22, , 8
2023/12/12, 136, 50, , 17, , 7
2023/12/13, 102, 50, , 17, 1, 8
2023/12/14, 115, 53, , 8, , 3
2023/12/15, 65, 54, , 10, , 2
2023/12/16, 54, 64, , 15, 1, 3
2023/12/17, 90, 58, , 14, 1, 5
2023/12/18, 113, 57, , 17, 1, 5
2023/12/19, 124, 50, , 13, , 4
2023/12/20, 111, 62, , 14, , 4
2023/12/21, 143, 81, , 21, , 6
2023/12/22, 170, 78, , 20, , 7
2023/12/23, 167, 60, , 18, 1, 7
2023/12/24, 147, 74, , 22, , 8
2023/12/25, 162, 86, , 23, , 10
2023/12/26, 173, 99, , 30, , 11
2023/12/27, 187, 101, , 30, , 10
2023/12/28, 188, 103, , 26, , 12
2023/12/29, 194, 101, , 25, , 11
2023/12/30, 190, 105, , 20, , 11
2023/12/31, 197, 99, , 18, , 10
2023/7/1, 62, 50, 74, 11, , 7
2023/7/2, 93, 28, 32, 6, , 6
2023/7/3, 68, 19, 59, 9, , 4
2023/7/4, 27, 42, 95, 12, 3, 5
2023/7/5, 75, 38, 110, 10, 1, 6
2023/7/6, 63, 57, 49, 15, 1, 7
2023/7/7, 98, 70, 155, 20, 1, 8
2023/7/8, 145, 57, 88, 10, 1, 14
2023/7/9, 104, 57, 121, 11, 1, 6
2023/7/10, 108, 40, 37, 5, 1, 3
2023/7/11, 80, 14, 34, 3, , 3
2023/7/12, 30, 14, 24, 4, , 2
2023/7/13, 28, 25, 44, 4, , 1
2023/7/14, 40, 59, 126, 14, 2, 4
2023/7/15, 87, 44, 84, 17, 1, 4
2023/7/16, 73, 45, 103, 11, 2, 3
2023/7/17, 75, 38, 91, 11, 1, 4
2023/7/18, 75, 34, 90, 7, , 3
2023/7/19, 71, 19, 52, 5, 1, 3
2023/7/20, 36, 22, 82, 6, , 3
2023/7/21, 53, 25, 67, 5, 1, 3
2023/7/22, 61, 29, 87, 5, 1, 3
2023/7/23, 70, 24, 42, 4, , 3
2023/7/24, 61, 26, 62, 7, , 4
2023/7/25, 54, 26, 28, 4, , 3
2023/7/26, 54, 13, 21, 2, , 2
2023/7/27, 39, 14, 47, 2, , 2
2023/7/28, 32, 28, 76, 7, , 3
2023/7/29, 69, 29, 58, 8, 1, 4
2023/7/30, 74, 27, 53, 6, 1, 4
2023/7/31, 59, 25, 64, 5, 1, 4
2023/8/1, 57, 28, 30, 6, , 4
2023/8/2, 61, 28, 29, 6, 1, 4
2023/8/3, 58, 21, 46, 6, , 4
2023/8/4, 45, 28, 50, 6, 1, 5
2023/8/5, 55, 25, 37, 5, , 4
2023/8/6, 56, 20, 55, 5, , 4
2023/8/7, 46, 19, 46, 4, 1, 3
2023/8/8, 38, 24, 47, 4, 1, 4
2023/8/9, 55, 23, 58, 3, 1, 4
2023/8/10, 51, 21, 48, 3, 1, 4
2023/8/11, 46, 15, 44, 3, 1, 3
2023/8/12, 30, 29, 94, 12, 1, 5
2023/8/13, 59, 35, 60, 11, 1, 5
2023/8/14, 67, 38, 63, 12, 1, 6
2023/8/15, 75, 45, 56, 11, 2, 7
2023/8/16, 94, 40, 39, 13, 2, 6
2023/8/17, 83, 41, 40, 10, 2, 5
2023/8/18, 68, 40, 39, 9, 1, 5
2023/8/19, 68, 23, 24, 6, 1, 4
2023/8/20, 50, 31, 94, 8, 2, 5
2023/8/21, 65, 39, 79, 9, 1, 6
2023/8/22, 81, 39, 42, 8, 1, 6
2023/8/23, 81, 21, 21, 9, 1, 5
2023/8/24, 42, 20, 28, 7, , 5
2023/8/25, 50, 13, 29, 3, , 4
2023/8/26, 30, 18, 55, 7, 1, 5
2023/8/27, 40, 41, 59, 16, 1, 7
2023/8/28, 73, 35, 27, 13, 1, 7
2023/8/29, 80, 24, 64, 9, 1, 5
2023/8/30, 56, 34, 56, 15, 1, 7
2023/8/31, 68, 25, 36, 9, 1, 6
2023/9/1, 54, 35, 84, 13, 2, 7
2023/9/2, 77, 44, 103, 15, 2, 7
2023/9/3, 91, 49, 96, 15, 1, 7
2023/9/4, 107, 46, 84, 13, 1, 6
2023/9/5, 106, 52, 56, 10, 2, 7
2023/9/6, 116, 42, 50, 10, 2, 6
2023/9/7, 89, 35, 58, 11, 2, 6
2023/9/8, 71, 30, 61, 5, 1, 6
2023/9/9, 72, 18, 43, 5, 1, 5
2023/9/10, 41, 13, 26, 4, 1, 4
2023/9/11, 32, 15, 37, 8, 1, 3
2023/9/12, 27, 33, 70, 16, 1, 6
2023/9/13, 69, 34, 36, 10, 3, 5
2023/9/14, 70, 41, 52, 12, 3, 6
2023/9/15, 79, 43, 70, 12, 2, 6
2023/9/16, 94, 46, 34, 12, 2, 7
2023/9/17, 104, 30, 20, 9, 1, 7
2023/9/18, 70, 24, 23, 9, 1, 5
2023/9/19, 52, 32, 35, 10, 1, 5
2023/9/20, 60, 19, 55, 6, 1, 3
2023/9/21, 36, 25, 28, 6, 1, 5
2023/9/22, 58, 22, 18, 8, 2, 5
2023/9/23, 38, 18, 18, 7, 1, 4
2023/9/24, 31, 27, 19, 11, 1, 5
2023/9/25, 47, 27, 13, 14, , 5
2023/9/26, 60, 39, 17, 14, , 5
2023/9/27, 87, 64, 23, 15, 1, 7
2023/9/28, 151, 33, 29, 9, , 5
2023/9/29, 75, 35, 31, 11, , 6
2023/9/30, 79, 41, 14, 7, , 5
2023/4/1, 130, 62, 47, 7, 2, 4
2023/4/2, 123, 34, 26, 6, 1, 3
2023/4/3, 60, 43, 49, 9, 2, 3
2023/4/4, 80, 32, 24, 6, 2, 4
2023/4/5, 67, 53, 36, 6, 1, 3
2023/4/6, 80, 87, 32, 19, 2, 5
2023/4/7, 129, 90, 47, 18, 2, 5
2023/4/8, 138, 73, 59, 13, 3, 5
2023/4/9, 130, 94, 94, 17, 2, 6
2023/4/10, 158, 69, 73, 21, , 5
2023/4/11, 127, 45, 60, 13, , 3
2023/4/12, 90, 41, 23, 9, , 3
2023/4/13, 90, 57, 53, 14, , 3
2023/4/14, 100, 65, 79, 20, , 3
2023/4/15, 100, 66, 105, 21, 1, 5
2023/4/16, 123, 74, 78, 17, 2, 4
2023/4/17, 135, 41, 56, 9, , 3
2023/4/18, 75, 49, 70, 9, , 4
2023/4/19, 98, 30, 39, 7, , 4
2023/4/20, 71, 30, 25, 2, , 2
2023/4/21, 55, 15, 27, 4, , 1
2023/4/22, 24, 17, 23, 6, , 2
2023/4/23, 23, 21, 24, 8, , 2
2023/4/24, 31, 35, 41, 10, , 3
2023/4/25, 66, 56, 64, 15, 2, 3
2023/4/26, 104, 60, 70, 9, 1, 3
2023/4/27, 115, 51, 31, 9, , 3
2023/4/28, 104, 54, 47, 5, , 1
2023/4/29, 73, 67, 56, 15, , 2
2023/4/30, 94, 68, 71, 14, 1, 3
2023/5/1, 127, 47, 59, 2, , 3
2023/5/2, 89, 49, 50, 5, , 4
2023/5/3, 94, 49, 62, 8, , 4
2023/5/4, 97, 64, 45, 9, , 4
2023/5/5, 111, 47, 46, 6, , 3
2023/5/6, 85, 29, 28, 5, , 4
2023/5/7, 64, 17, 18, 3, , 3
2023/5/8, 39, 11, 13, 4, 1, 3
2023/5/9, 28, 19, 31, 4, , 4
2023/5/10, 39, 29, 32, 7, , 3
2023/5/11, 50, 46, 47, 14, , 4
2023/5/12, 74, 45, 48, 12, , 4
2023/5/13, 80, 61, 64, 19, , 5
2023/5/14, 116, 71, 79, 18, 1, 6
2023/5/15, 150, 73, 117, 16, 1, 5
2023/5/16, 153, 81, 83, 23, 1, 5
2023/5/17, 158, 34, 50, 6, , 2
2023/5/18, 73, 46, 58, 4, , 3
2023/5/19, 99, 48, 35, 11, , 5
2023/5/20, 108, 53, 24, 7, , 3
2023/5/21, 109, 44, 27, 8, , 3
2023/5/22, 82, 48, 56, 8, , 4
2023/5/23, 97, 63, 62, 17, , 5
2023/5/24, 140, 57, 39, 11, , 3
2023/5/25, 131, 46, 44, 14, 1, 3
2023/5/26, 89, 41, 35, 11, , 2
2023/5/27, 86, 45, 46, 11, 1, 3
2023/5/28, 100, 50, 86, 11, 1, 4
2023/5/29, 89, 56, 118, 13, 2, 5
2023/5/30, 114, 44, 57, 5, , 4
2023/5/31, 95, 23, 38, 3, , 2
2023/6/1, 43, 15, 31, 2, , 2
2023/6/2, 25, 11, 29, 3, , 2
2023/6/3, 18, 12, 34, 3, , 3
2023/6/4, 22, 18, 42, 7, , 4
2023/6/5, 29, 38, 88, 12, 1, 5
2023/6/6, 65, 41, 88, 7, 1, 4
2023/6/7, 72, 48, 57, 13, 1, 5
2023/6/8, 86, 67, 77, 20, 1, 7
2023/6/9, 132, 53, 66, 11, 2, 5
2023/6/10, 106, 24, 54, 10, 1, 4
2023/6/11, 33, 37, 96, 12, 1, 5
2023/6/12, 63, 34, 74, 6, 1, 4
2023/6/13, 58, 32, 43, 9, 1, 3
2023/6/14, 55, 29, 36, 8, , 4
2023/6/15, 70, 35, 22, 9, , 4
2023/6/16, 79, 42, 48, 7, , 5
2023/6/17, 95, 50, 75, 9, , 5
2023/6/18, 115, 43, 35, 14, 1, 4
2023/6/19, 69, 53, 44, 19, 2, 6
2023/6/20, 80, 24, 45, 7, 1, 4
2023/6/21, 41, 31, 76, 7, 1, 4
2023/6/22, 43, 35, 83, 3, 1, 4
2023/6/23, 56, 36, 94, 8, 2, 5
2023/6/24, 65, 39, 92, 9, , 6
2023/6/25, 75, 40, 95, 9, , 7
2023/6/26, 81, 35, 82, 5, 1, 7
2023/6/27, 66, 40, 53, 4, , 5
2023/6/28, 69, 34, 48, 8, , 5
2023/6/29, 55, 33, 58, 9, , 4
2023/6/30, 50, 38, 73, 10, 1, 6
2023/1/11, 195, 90, 29, 17, 1, 10
2023/1/12, 178, 91, 21, 16, 1, 9
2023/1/13, 163, 109, 22, 3, , 3
2023/1/14, 130, 68, 18, 4, , 3
2023/1/15, 79, 65, 16, 8, , 3
2023/1/16, 102, 69, 24, 8, 1, 3
2023/1/17, 122, 63, 32, 6, 1, 3
2023/1/18, 105, 58, 34, 8, 1, 4
2023/1/19, 125, 52, 30, 10, 1, 4
2023/1/20, 114, 58, 18, 4, , 6
2023/1/21, 140, 101, 28, 5, 1, 7
2023/1/22, 204, 65, 31, 3, 1, 5
2023/1/23, 157, 60, 26, 2, , 2
2023/1/24, 75, 71, 24, 4, 1, 3
2023/1/25, 110, 72, 25, 7, 1, 6
2023/1/26, 151, 63, 30, 14, 1, 6
2023/1/27, 109, 64, 30, 17, 2, 7
2023/1/28, 116, 72, 34, 20, 1, 9
2023/1/29, 147, 85, 33, 25, 1, 9
2023/1/30, 164, 96, 35, 30, 3, 10
2023/1/31, 175, 90, 12, 33, 1, 10
2023/2/1, 169, 64, 43, 16, 1, 6
2023/2/2, 129, 89, 38, 22, 1, 8
2023/2/3, 172, 95, 47, 16, 2, 8
2023/2/4, 177, 91, 27, 12, 1, 9
2023/2/5, 178, 92, 8, 23, 5, 10
2023/2/6, 179, 104, 19, 22, 1, 10
2023/2/7, 189, 68, 12, 12, , 7
2023/2/8, 156, 39, 26, 10, 1, 7
2023/2/9, 89, 62, 8, 17, 1, 8
2023/2/10, 141, 62, 1, 16, 1, 9
2023/2/11, 155, 49, 8, 13, 1, 8
2023/2/12, 97, 36, 16, 9, 1, 6
2023/2/13, 71, 35, 26, 11, 1, 6
2023/2/14, 68, 45, 16, 13, 1, 8
2023/2/15, 95, 58, 3, 17, 1, 9
2023/2/16, 129, 71, 18, 17, 1, 9
2023/2/17, 159, 64, 23, 14, 1, 8
2023/2/18, 144, 55, 19, 21, 1, 6
2023/2/19, 88, 77, 2, 24, 2, 8
2023/2/20, 145, 64, 9, 15, 1, 6
2023/2/21, 122, 32, 13, 10, 1, 3
2023/2/22, 66, 46, 18, 18, 1, 4
2023/2/23, 104, 58, 34, 18, 2, 5
2023/2/24, 131, 51, 39, 11, 2, 4
2023/2/25, 114, 77, 33, 20, 3, 6
2023/2/26, 151, 77, 16, 20, 3, 6
2023/2/27, 159, 74, 13, 23, 2, 5
2023/2/28, 151, 73, 35, 14, 2, 4
2023/3/1, 126, 77, 15, 16, 1, 4
2023/3/2, 140, 79, 39, 17, 1, 6
2023/3/3, 158, 75, 47, 23, 2, 6
2023/3/4, 149, 82, 58, 21, 2, 7
2023/3/5, 162, 64, 47, 13, 1, 6
2023/3/6, 146, 67, 27, 17, 1, 6
2023/3/7, 149, 72, 38, 15, 1, 7
2023/3/8, 148, 73, 35, 23, 2, 9
2023/3/9, 146, 52, 42, 10, 2, 5
2023/3/10, 107, 75, 57, 17, 2, 6
2023/3/11, 142, 48, 29, 3, 1, 2
2023/3/12, 62, 39, 36, 9, 2, 4
2023/3/13, 54, 63, 39, 21, 1, 6
2023/3/14, 113, 71, 32, 24, 2, 7
2023/3/15, 138, 56, 35, 18, 2, 6
2023/3/16, 84, 34, 26, 12, 1, 5
2023/3/17, 53, 34, 33, 11, 1, 5
2023/3/18, 63, 46, 20, 13, 1, 6
2023/3/19, 91, 24, 18, 10, 1, 6
2023/3/20, 54, 54, 37, 16, 1, 8
2023/3/21, 100, 54, 29, 10, 1, 6
2023/3/22, 103, 40, 22, 8, 1, 5
2023/3/23, 69, 32, 27, 12, 1, 3
2023/3/24, 68, 35, 29, 9, 1, 3
2023/3/25, 64, 39, 13, 12, 1, 4
2023/3/26, 69, 26, 30, 9, 1, 3
2023/3/27, 48, 55, 21, 13, 1, 4
2023/3/28, 109, 48, 39, 11, 1, 3
2023/3/29, 95, 62, 29, 16, 2, 4
2023/3/30, 130, 67, 46, 14, 2, 5
2023/3/31, 142, 63, 59, 10, 2, 5
2022/10/1, 105, 51, 61, 9, 2, 7
2022/10/2, 114, 40, 21, 5, 2, 5
2022/10/3, 84, 36, 30, 6, 2, 4
2022/10/4, 52, 24, 12, 6, 1, 5
2022/10/5, 46, 25, 6, 8, 1, 6
2022/10/6, 52, 19, 12, 8, , 5
2022/10/7, 42, 23, 10, 8, , 4
2022/10/8, 50, 46, 11, 12, , 3
2022/10/9, 69, 62, 14, 17, , 4
2022/10/10, 95, 68, 10, 20, , 5
2022/10/11, 125, 66, 12, 17, , 6
2022/10/12, 137, 64, 22, 16, , 6
2022/10/13, 133, 63, 26, 17, , 6
2022/10/14, 132, 69, 24, 22, 1, 9
2022/10/15, 141, 60, 47, 19, 1, 8
2022/10/16, 104, 70, 33, 22, 2, 8
2022/10/17, 129, 82, 41, 29, 3, 9
2022/10/18, 156, 100, 32, 31, 3, 9
2022/10/19, 176, 80, 57, 20, 3, 6
2022/10/20, 145, 76, 65, 27, 2, 8
2022/10/21, 151, 81, 56, 29, 2, 8
2022/10/22, 155, 81, 65, 21, 3, 8
2022/10/23, 160, 64, 41, 12, 1, 6
2022/10/24, 147, 47, 21, 7, , 6
2022/10/25, 112, 47, 32, 8, , 5
2022/10/26, 110, 39, 11, 11, , 5
2022/10/27, 95, 19, 9, 6, , 4
2022/10/28, 42, 17, 8, 7, , 4
2022/10/29, 34, 27, 22, 10, , 7
2022/10/30, 56, 40, 33, 16, , 8
2022/10/31, 77, 53, 33, 18, , 9
2022/11/1, 120, 69, 19, 17, 1, 8
2022/11/2, 156, 53, 14, 13, , 5
2022/11/3, 106, 42, 17, 12, , 4
2022/11/4, 84, 50, 16, 13, 1, 5
2022/11/5, 109, 64, 5, 16, , 6
2022/11/6, 150, 52, 15, 12, , 6
2022/11/7, 119, 50, 15, 12, 1, 7
2022/11/8, 109, 65, 5, 15, , 7
2022/11/9, 152, 66, 17, 15, 1, 7
2022/11/10, 149, 63, 30, 15, , 6
2022/11/11, 147, 35, 17, 14, , 3
2022/11/12, 71, 41, 16, 16, , 3
2022/11/13, 71, 54, 18, 18, 1, 4
2022/11/14, 97, 46, 11, 17, , 4
2022/11/15, 99, 62, 32, 15, 1, 5
2022/11/16, 133, 71, 19, 20, 2, 6
2022/11/17, 153, 59, 16, 15, 1, 6
2022/11/18, 133, 63, 29, 15, 2, 8
2022/11/19, 140, 71, 19, 21, 1, 9
2022/11/20, 158, 60, 22, 15, 1, 6
2022/11/21, 134, 58, 30, 17, , 7
2022/11/22, 106, 78, 19, 26, 1, 8
2022/11/23, 149, 77, 11, 22, 1, 7
2022/11/24, 158, 74, 12, 19, , 7
2022/11/25, 160, 75, 12, 20, 1, 6
2022/11/26, 162, 73, 32, 15, 1, 6
2022/11/27, 164, 64, 22, 16, 1, 5
2022/11/28, 138, 60, 17, 10, , 1
2022/11/29, 81, 43, 16, 8, , 1
2022/11/30, 66, 52, 11, 12, 1, 2
2022/12/1, 76, 54, 6, 17, , 3
2022/12/2, 94, 53, 2, 14, , 4
2022/12/3, 114, 66, 9, 15, , 6
2022/12/4, 137, 61, 6, 16, 1, 6
2022/12/5, 131, 61, 12, 13, , 5
2022/12/6, 130, 62, 13, 14, 1, 7
2022/12/7, 142, 67, 15, 18, , 8
2022/12/8, 152, 74, 13, 19, 1, 8
2022/12/9, 161, 90, 22, 23, 1, 9
2022/12/10, 176, 91, 3, 17, 1, 8
2022/12/11, 178, 89, 17, 12, 1, 4
2022/12/12, 154, 96, 1, 17, 2, 6
2022/12/13, 163, 75, 19, 11, 1, 6
2022/12/14, 148, 67, 5, 10, , 7
2022/12/15, 149, 62, 14, 9, , 7
2022/12/16, 128, 50, 24, 10, , 4
2022/12/17, 68, 56, 25, 15, 1, 6
2022/12/18, 89, 56, 17, 12, 1, 5
2022/12/19, 118, 65, 22, 14, 1, 4
2022/12/20, 135, 74, 19, 25, 1, 7
2022/12/21, 155, 83, 36, 25, 2, 8
2022/12/22, 166, 97, 25, 24, 2, 9
2022/12/23, 179, 110, 24, 25, 1, 9
2022/12/24, 195, 60, 20, 10, , 3
2022/12/25, 117, 43, 19, 14, 1, 2
2022/12/26, 74, 46, 17, 14, 1, 3
2022/12/27, 98, , , , , 
2022/7/1, 43, 17, 45, 9, , 4
2022/7/2, 44, 40, 106, 15, , 6
2022/7/3, 86, 52, 113, 23, , 7
2022/7/4, 111, 49, 132, 14, , 6
2022/7/5, 104, 46, 108, 18, , 6
2022/7/6, 92, 49, 98, 18, 1, 6
2022/7/7, 91, 45, 109, 11, 1, 6
2022/7/8, 83, 46, 103, 9, 1, 5
2022/7/9, 91, 38, 97, 8, , 6
2022/7/10, 84, 35, 76, 7, , 6
2022/7/11, 74, 37, 60, 8, 1, 5
2022/7/12, 73, 23, 51, 7, , 4
2022/7/13, 40, 27, 77, 7, , 5
2022/7/14, 59, 37, 108, 6, 1, 5
2022/7/15, 74, 25, 39, 8, , 6
2022/7/16, 56, 25, 44, 10, 1, 5
2022/7/17, 47, 28, 34, 11, , 4
2022/7/18, 48, 28, 34, 10, 1, 5
2022/7/19, 56, 30, 57, 12, 1, 6
2022/7/20, 63, 48, 96, 14, 1, 7
2022/7/21, 87, 16, 38, 5, , 5
2022/7/22, 35, 27, 64, 8, , 4
2022/7/23, 63, 47, 94, 11, 1, 5
2022/7/24, 92, 54, 104, 12, 1, 3
2022/7/25, 115, 60, 130, 13, 1, 4
2022/7/26, 137, 32, 32, 9, , 3
2022/7/27, 74, 28, 104, 9, , 2
2022/7/28, 58, 43, 98, 10, 1, 3
2022/7/29, 78, 53, 110, 11, 1, 4
2022/7/30, 106, 50, 90, 10, , 4
2022/7/31, 108, 31, 37, 9, 1, 3
2022/8/1, 63, 20, 58, 6, , 3
2022/8/2, 50, 33, 82, 12, , 5
2022/8/3, 73, 14, 48, 7, , 4
2022/8/4, 40, 26, 64, 11, , 5
2022/8/5, 61, 33, 49, 13, , 5
2022/8/6, 78, 41, 106, 10, , 6
2022/8/7, 83, 39, 110, 9, , 5
2022/8/8, 82, 29, 103, 8, , 5
2022/8/9, 67, 29, 100, 9, , 5
2022/8/10, 63, 49, 98, 15, , 7
2022/8/11, 105, 47, 116, 16, 1, 6
2022/8/12, 92, 42, 101, 15, 1, 5
2022/8/13, 86, 45, 98, 14, 1, 6
2022/8/14, 86, 40, 97, 14, 1, 6
2022/8/15, 77, 38, 90, 17, 1, 6
2022/8/16, 77, 36, 73, 11, 1, 6
2022/8/17, 85, 42, 97, 15, 1, 6
2022/8/18, 92, 24, 56, 9, 1, 5
2022/8/19, 58, 35, 87, 15, 1, 6
2022/8/20, 72, 37, 78, 15, 1, 6
2022/8/21, 80, 39, 99, 13, 1, 6
2022/8/22, 82, 43, 105, 18, 1, 6
2022/8/23, 93, 31, 53, 12, 1, 6
2022/8/24, 79, 19, 32, 9, , 5
2022/8/25, 47, 22, 73, 11, 1, 6
2022/8/26, 61, 28, 39, 8, , 6
2022/8/27, 68, 18, 27, 4, 1, 5
2022/8/28, 53, 9, 22, 6, 1, 5
2022/8/29, 17, 12, 31, 7, 1, 3
2022/8/30, 27, 23, 39, 12, 1, 3
2022/8/31, 45, 32, 52, 12, 1, 4
2022/9/1, 64, 23, 28, 4, 1, 4
2022/9/2, 65, 12, 31, 2, 1, 3
2022/9/3, 40, 14, 27, 6, 1, 4
2022/9/4, 36, 22, 51, 7, 1, 4
2022/9/5, 58, 31, 64, 8, 1, 4
2022/9/6, 66, 47, 36, 8, 1, 6
2022/9/7, 109, 24, 27, 4, 1, 4
2022/9/8, 69, 33, 50, 3, 1, 
2022/9/9, 92, 39, 51, 3, 2, 6
2022/9/10, 105, 38, 50, 4, 2, 6
2022/9/11, 104, 60, 55, 6, 2, 7
2022/9/12, 144, 52, 36, 5, 1, 6
2022/9/13, 127, 16, 31, 3, 1, 4
2022/9/14, 50, 21, 32, 3, 1, 5
2022/9/15, 55, 37, 21, 7, 1, 6
2022/9/16, 90, 27, 22, 5, 1, 6
2022/9/17, 70, 18, 22, 8, 1, 6
2022/9/18, 45, 17, 14, 9, 1, 6
2022/9/19, 42, 15, 22, 10, 1, 4
2022/9/20, 29, 24, 36, 12, 1, 5
2022/9/21, 46, 36, 28, 11, , 5
2022/9/22, 88, 32, 24, 9, 1, 3
2022/9/23, 65, 33, 27, 12, 1, 4
2022/9/24, 60, 38, 26, 13, 1, 4
2022/9/25, 83, 39, 15, 14, 1, 5
2022/9/26, 83, 26, 24, 10, 1, 4
2022/9/27, 46, 27, 38, 9, 1, 4
2022/9/28, 60, 41, 34, 12, 2, 5
2022/9/29, 85, 52, 45, 13, 2, 6
2022/9/30, 104, 50, 40, 7, 2, 6
2022/4/1, 62, 44, 44, 17, 2, 5
2022/4/2, 84, 46, 35, 16, 2, 5
2022/4/3, 96, 23, 28, 12, 1, 5
2022/4/4, 58, 38, 32, 17, 2, 6
2022/4/5, 82, 57, 39, 20, 2, 8
2022/4/6, 123, 60, 77, 21, 3, 8
2022/4/7, 133, 68, 49, 9, 3, 7
2022/4/8, 152, 65, 85, 21, 3, 8
2022/4/9, 134, 68, 90, 23, 3, 9
2022/4/10, 141, 76, 86, 22, 4, 10
2022/4/11, 139, 55, 47, 6, 2, 5
2022/4/12, 77, 57, 27, 10, 2, 6
2022/4/13, 78, 38, 17, 14, 2, 6
2022/4/14, 66, 4, 26, 6, 2, 4
2022/4/15, 12, 11, 28, 8, 2, 4
2022/4/16, 25, 19, 31, 10, 2, 4
2022/4/17, 55, 30, 29, 11, 2, 4
2022/4/18, 48, 52, 29, 18, 2, 5
2022/4/19, 84, 67, 61, 19, 2, 6
2022/4/20, 96, 69, 88, 20, 3, 6
2022/4/21, 115, 60, 54, 21, 3, 5
2022/4/22, 104, 63, 75, 20, 3, 5
2022/4/23, 105, 40, 37, 10, 3, 4
2022/4/24, 74, 27, 58, 11, 2, 3
2022/4/25, 44, 37, 65, 9, 3, 3
2022/4/26, 63, 49, 63, 11, 4, 4
2022/4/27, 87, 45, 57, 7, 1, 2
2022/4/28, 67, 67, 43, 18, 1, 4
2022/4/29, 107, 13, 27, 6, , 2
2022/4/30, 28, 17, 40, 8, , 2
2022/5/1, 28, 34, 45, 16, , 3
2022/5/2, 56, 40, 63, 20, , 4
2022/5/3, 72, 57, 84, 26, 2, 5
2022/5/4, 100, 67, 99, 30, 2, 6
2022/5/5, 128, 71, 122, 29, 3, 7
2022/5/6, 141, 78, 105, 29, 3, 8
2022/5/7, 154, 57, 45, 15, 1, 6
2022/5/8, 128, 24, 58, 8, , 4
2022/5/9, 49, 43, 70, 14, 1, 5
2022/5/10, 86, 25, 58, 10, 1, 5
2022/5/11, 58, 42, 29, 17, , 6
2022/5/12, 86, 25, 24, 8, 1, 3
2022/5/13, 57, 11, 32, 5, , 2
2022/5/14, 41, 18, 48, 12, , 2
2022/5/15, 34, 35, 68, 16, , 3
2022/5/16, 66, 34, 28, 17, 1, 3
2022/5/17, 72, 15, 23, 12, , 3
2022/5/18, 45, 31, 48, 14, , 5
2022/5/19, 71, 43, 59, 19, , 7
2022/5/20, 85, 40, 31, 20, , 6
2022/5/21, 81, 28, 60, 10, , 4
2022/5/22, 66, 43, 51, 12, 1, 5
2022/5/23, 94, 60, 30, 19, 1, 6
2022/5/24, 133, 44, 30, 15, 1, 6
2022/5/25, 98, 37, 39, 16, 1, 6
2022/5/26, 68, 28, 42, 16, 1, 5
2022/5/27, 56, 22, 68, 8, , 3
2022/5/28, 47, 36, 51, 12, 1, 5
2022/5/29, 80, 58, 64, 20, 1, 7
2022/5/30, 111, 54, 38, 14, 1, 6
2022/5/31, 97, 46, 76, 12, 1, 6
2022/6/1, 92, 54, 66, 13, 1, 6
2022/6/2, 115, 52, 91, 14, 1, 6
2022/6/3, 117, 12, 37, 5, 1, 4
2022/6/4, 31, 34, 22, 15, 1, 5
2022/6/5, 57, 53, 100, 18, 2, 6
2022/6/6, 89, 52, 82, 9, 3, 5
2022/6/7, 86, 56, 44, 17, 2, 7
2022/6/8, 110, 45, 45, 14, 1, 5
2022/6/9, 99, 42, 40, 15, , 5
2022/6/10, 94, 27, 53, 8, 1, 4
2022/6/11, 68, 33, 54, 7, , 4
2022/6/12, 78, 39, 25, 17, 1, 5
2022/6/13, 69, 43, 61, 18, 1, 6
2022/6/14, 83, 60, 90, 21, 1, 7
2022/6/15, 115, 33, 67, 14, 1, 4
2022/6/16, 65, 39, 77, 14, 1, 4
2022/6/17, 82, 55, 34, 20, 1, 6
2022/6/18, 115, 54, 101, 15, 1, 6
2022/6/19, 118, 57, 85, 15, 1, 6
2022/6/20, 132, 56, 75, 13, 1, 5
2022/6/21, 131, 35, 30, 11, 1, 4
2022/6/22, 86, 14, 40, 8, 1, 3
2022/6/23, 28, 25, 47, 12, , 4
2022/6/24, 54, 35, 67, 12, , 4
2022/6/25, 78, 25, 34, 8, , 4
2022/6/26, 63, 19, 66, 11, , 4
2022/6/27, 37, 38, 71, 14, , 5
2022/6/28, 60, 33, 81, 14, , 4
2022/6/29, 54, 45, 65, 21, , 6
2022/6/30, 77, 23, 27, 17, , 4
2022/1/3, 168, 70, 26, 18, 2, 8
2022/1/4, 159, 79, 6, 22, 2, 10
2022/1/5, 164, 67, 20, 17, 2, 7
2022/1/6, 160, 69, 6, 21, 2, 8
2022/1/7, 159, 68, 1, 18, 3, 9
2022/1/8, 158, 81, , 16, 2, 10
2022/1/9, 162, 62, 7, 22, 2, 9
2022/1/10, 148, 70, 21, 27, 3, 11
2022/1/11, 142, 93, 5, 31, 3, 10
2022/1/12, 170, 69, 9, 25, 2, 9
2022/1/13, 150, 83, 10, 23, 2, 9
2022/1/14, 167, 87, 24, 25, 2, 10
2022/1/15, 173, 79, 30, 22, 3, 11
2022/1/16, 166, 71, 30, 20, 3, 9
2022/1/17, 162, 81, 20, 29, 3, 10
2022/1/18, 168, 100, 14, 28, 2, 12
2022/1/19, 181, 95, 12, 27, 3, 10
2022/1/20, 182, 59, 7, 14, 2, 9
2022/1/21, 136, 31, 5, 11, 2, 8
2022/1/22, 81, 37, 5, 15, 2, 11
2022/1/23, 88, 41, 20, 15, 2, 10
2022/1/24, 92, 28, 9, 11, 2, 9
2022/1/25, 73, 11, 5, 8, 2, 10
2022/1/26, 40, 16, 20, 7, 2, 10
2022/1/27, 57, 20, 28, 6, 2, 11
2022/1/28, 66, 33, 37, 8, 2, 9
2022/1/29, 91, 34, 24, 6, 2, 7
2022/1/30, 93, 55, 25, 9, 4, 8
2022/1/31, 139, 94, 21, 6, 5, 7
2022/2/1, 196, 36, 23, 3, 2, 5
2022/2/2, 101, 35, 19, 5, 2, 7
2022/2/3, 102, 34, 15, 8, 2, 7
2022/2/4, 98, 31, 18, 6, 2, 6
2022/2/5, 93, 17, 17, 5, 2, 5
2022/2/6, 58, 26, 17, 8, 2, 7
2022/2/7, 80, 31, 27, 8, 2, 7
2022/2/8, 86, 29, 24, 11, 2, 7
2022/2/9, 81, 40, 11, 14, 2, 7
2022/2/10, 100, 43, 29, 15, 2, 8
2022/2/11, 101, 45, 22, 15, 2, 8
2022/2/12, 109, 51, 25, 14, 2, 8
2022/2/13, 130, 66, 16, 18, 3, 9
2022/2/14, 154, 62, 31, 16, 3, 10
2022/2/15, 146, 59, 19, 16, 3, 9
2022/2/16, 141, 32, 10, 10, 3, 8
2022/2/17, 90, 20, 9, 11, 2, 8
2022/2/18, 59, 30, 27, 8, 3, 4
2022/2/19, 64, 26, 25, 8, 2, 3
2022/2/20, 62, 22, 19, 9, 2, 5
2022/2/21, 63, 32, 16, 15, 2, 5
2022/2/22, 84, 37, 27, 12, 3, 4
2022/2/23, 97, 52, 21, 18, 3, 6
2022/2/24, 124, 61, 25, 20, 3, 6
2022/2/25, 144, 58, 35, 17, 3, 5
2022/2/26, 131, 65, 37, 23, 3, 7
2022/2/27, 145, 68, 39, 18, 4, 6
2022/2/28, 132, 44, 40, 12, 2, 4
2022/3/1, 78, 76, 14, 26, 6, 7
2022/3/2, 149, 79, 35, 23, 5, 7
2022/3/3, 149, 72, 55, 20, 3, 6
2022/3/4, 139, 81, 45, 23, 5, 8
2022/3/5, 158, 63, 49, 20, 4, 7
2022/3/6, 139, 81, 63, 28, 4, 11
2022/3/7, 157, 83, 70, 30, 4, 10
2022/3/8, 153, 84, 37, 32, 3, 10
2022/3/9, 141, 77, 57, 29, 4, 8
2022/3/10, 136, 98, 76, 33, 6, 8
2022/3/11, 160, 78, 77, 22, 4, 5
2022/3/12, 148, 82, 92, 31, 4, 7
2022/3/13, 159, 89, 62, 30, 4, 7
2022/3/14, 154, 87, 84, 24, 4, 7
2022/3/15, 154, 74, 56, 18, 5, 5
2022/3/16, 137, 55, 59, 16, 3, 3
2022/3/17, 88, 77, 93, 20, 3, 5
2022/3/18, 130, 65, 45, 14, 3, 5
2022/3/19, 119, 31, 22, 7, 1, 3
2022/3/20, 53, 20, 26, 8, 1, 2
2022/3/21, 30, 16, 25, 10, 1, 2
2022/3/22, 28, 38, 30, 16, 1, 3
2022/3/23, 72, 43, 11, 17, 1, 4
2022/3/24, 78, 63, 24, 18, 1, 5
2022/3/25, 108, 52, 25, 12, 1, 3
2022/3/26, 88, 54, 38, 9, 1, 3
2022/3/27, 83, 55, 34, 11, 2, 4
2022/3/28, 93, 67, 28, 19, 2, 5
2022/3/29, 115, 55, 23, 18, 2, 5
2022/3/30, 89, 29, 25, 10, 1, 2
2022/3/31, 52, 31, 39, 12, 1, 3
2021/10/1, 108, 52, 52, 14, 1, 8
2021/10/2, 109, 54, 55, 11, 1, 8
2021/10/3, 114, 13, 19, 6, , 5
2021/10/4, 35, 8, 18, 7, , 5
2021/10/5, 18, 12, 14, 11, , 6
2021/10/6, 31, 20, 20, 13, 1, 6
2021/10/7, 44, 27, 9, 12, 1, 5
2021/10/8, 45, 17, 11, 9, , 4
2021/10/9, 40, 15, 10, 10, 1, 3
2021/10/10, 25, 28, 15, 15, 1, 4
2021/10/11, 47, 32, 9, 13, 1, 5
2021/10/12, 54, 48, 14, 14, 1, 6
2021/10/13, 94, 37, 15, 13, 1, 5
2021/10/14, 59, 42, 16, 15, 1, 4
2021/10/15, 65, 40, 12, 15, 1, 4
2021/10/16, 69, 18, 12, 12, 1, 4
2021/10/17, 39, 32, 12, 13, 1, 6
2021/10/18, 66, 35, 5, 16, 1, 6
2021/10/19, 82, 22, 13, 12, 1, 6
2021/10/20, 45, 20, 8, 14, 1, 5
2021/10/21, 49, 19, 16, 13, 1, 4
2021/10/22, 52, 34, 14, 15, , 5
2021/10/23, 82, 43, 14, 16, , 6
2021/10/24, 96, 53, 7, 18, , 6
2021/10/25, 123, 35, 25, 15, , 5
2021/10/26, 78, 25, 14, 13, 1, 5
2021/10/27, 50, 27, 6, 15, 1, 2
2021/10/28, 61, 44, 30, 15, 1, 3
2021/10/29, 93, 38, 28, 15, 2, 5
2021/10/30, 96, 35, 17, 14, 1, 4
2021/10/31, 77, 34, 15, 14, 1, 5
2021/11/1, 73, 35, 7, 15, 1, 6
2021/11/2, 79, 40, 6, 16, 1, 6
2021/11/3, 78, 48, 5, 18, 1, 7
2021/11/4, 97, 54, 15, 16, 1, 7
2021/11/5, 121, 30, 19, 10, 1, 4
2021/11/6, 69, 47, 22, 8, 1, 2
2021/11/7, 66, 58, 15, 14, 2, 3
2021/11/8, 86, 64, 21, 18, 2, 5
2021/11/9, 105, 65, 25, 20, 3, 6
2021/11/10, 120, 72, 18, 24, 2, 7
2021/11/11, 141, 63, 20, 23, 2, 6
2021/11/12, 124, 91, 9, 25, 2, 7
2021/11/13, 169, 107, 14, 20, 1, 7
2021/11/14, 188, 121, 3, 25, 1, 10
2021/11/15, 199, 106, 13, 23, 2, 8
2021/11/16, 189, 35, 26, 16, 1, 5
2021/11/17, 87, 45, 16, 14, 1, 4
2021/11/18, 109, 47, 17, 13, 1, 4
2021/11/19, 122, 62, 11, 18, 1, 5
2021/11/20, 150, 60, 9, 19, 1, 3
2021/11/21, 90, 47, 24, 11, 1, 2
2021/11/22, 63, 52, 24, 13, 2, 3
2021/11/23, 83, 48, 22, 21, 2, 4
2021/11/24, 85, 65, 25, 21, 2, 7
2021/11/25, 131, 64, 8, 24, 2, 7
2021/11/26, 149, 59, 12, 18, 2, 5
2021/11/27, 135, 67, 4, 23, 2, 7
2021/11/28, 148, 54, 13, 17, 2, 5
2021/11/29, 106, 58, 13, 22, 2, 6
2021/11/30, 96, 70, 28, 21, 2, 8
2021/12/1, 133, 83, 18, 32, 3, 11
2021/12/2, 152, 106, 6, 37, 2, 13
2021/12/3, 173, 107, 9, 31, 3, 11
2021/12/4, 180, 110, 31, 25, 2, 11
2021/12/5, 185, 123, 2, 32, 3, 12
2021/12/6, 202, 69, 12, 20, 2, 9
2021/12/7, 143, 43, 15, 16, 2, 7
2021/12/8, 90, 68, 5, 25, 2, 9
2021/12/9, 138, 59, 3, 21, 2, 5
2021/12/10, 136, 43, 7, 20, 1, 6
2021/12/11, 94, 48, 9, 21, 2, 5
2021/12/12, 107, 63, 9, 22, 3, 6
2021/12/13, 140, 55, 13, 18, 2, 5
2021/12/14, 115, 68, 7, 21, 2, 6
2021/12/15, 154, 61, 11, 19, 2, 7
2021/12/16, 128, 60, 6, 24, 2, 5
2021/12/17, 104, 47, 19, 17, 2, 4
2021/12/18, 82, 49, 12, 19, 2, 5
2021/12/19, 99, 66, 22, 20, 2, 8
2021/12/20, 144, 99, 27, 27, 2, 12
2021/12/21, 174, 92, 12, 29, 2, 11
2021/12/22, 174, 91, 12, 22, 2, 10
2021/12/23, 177, 81, 19, 22, 2, 12
2021/12/24, 168, 63, 14, 21, 2, 10
2021/12/25, 148, 30, 18, 9, 2, 8
2021/12/26, 74, 38, 13, 12, 2, 9
2021/12/27, 90, 46, 5, 15, 1, 10
2021/12/28, 103, 63, 18, 19, 2, 11
2021/12/29, 150, 68, 5, 22, 2, 7
2021/12/30, 159, 73, 7, 21, 2, 7
2021/12/31, 164, 65, 23, 16, 2, 7
2022/1/1, 154, 74, 22, 20, 3, 8
2022/1/2, 167, 77, 12, 19, 3, 7
2021/7/1, 87, 35, 35, 14, 1, 7
2021/7/2, 68, 31, 108, 14, 1, 6
2021/7/3, 56, 33, 83, 14, 1, 6
2021/7/4, 60, 49, 32, 21, 1, 8
2021/7/5, 97, 64, 45, 20, 1, 9
2021/7/6, 137, 47, 79, 13, 1, 8
2021/7/7, 103, 25, 43, 12, 1, 6
2021/7/8, 58, 26, 22, 15, 1, 6
2021/7/9, 61, 10, 36, 10, 1, 4
2021/7/10, 30, 19, 62, 12, 1, 4
2021/7/11, 44, 26, 77, 13, 1, 5
2021/7/12, 62, 29, 71, 14, 1, 5
2021/7/13, 61, 46, 58, 18, 1, 7
2021/7/14, 88, 11, 22, 10, 1, 4
2021/7/15, 30, 12, 24, 9, 1, 3
2021/7/16, 21, 20, 71, 10, 1, 4
2021/7/17, 34, 18, 71, 9, 1, 3
2021/7/18, 33, 30, 94, 14, 1, 5
2021/7/19, 57, 20, 40, 12, 1, 4
2021/7/20, 42, 37, 88, 17, 1, 6
2021/7/21, 70, 18, 70, 10, 1, 5
2021/7/22, 45, 31, 65, 15, 1, 5
2021/7/23, 58, 26, 37, 15, 1, 5
2021/7/24, 59, 34, 52, 15, 1, 6
2021/7/25, 73, 23, 32, 12, 1, 5
2021/7/26, 46, 29, 69, 17, 1, 5
2021/7/27, 49, 37, 106, 16, 2, 6
2021/7/28, 59, 43, 126, 19, 2, 5
2021/7/29, 68, 40, 92, 15, 2, 5
2021/7/30, 75, 43, 108, 13, 2, 5
2021/7/31, 77, 36, 111, 17, 2, 5
2021/8/1, 63, 46, 117, 20, 3, 6
2021/8/2, 87, 55, 142, 18, 3, 6
2021/8/3, 102, 43, 88, 8, 1, 5
2021/8/4, 79, 17, 41, 7, 1, 5
2021/8/5, 42, 31, 87, 12, 2, 5
2021/8/6, 58, 21, 39, 6, 2, 4
2021/8/7, 42, 17, 40, 8, 1, 5
2021/8/8, 38, 34, 97, 9, 1, 6
2021/8/9, 59, , , , , 
2021/8/20, 40, 48, 80, 17, 1, 9
2021/8/21, 92, 14, 26, 6, 1, 4
2021/8/22, 30, 24, 75, 12, 1, 6
2021/8/23, 43, 45, 78, 19, 2, 7
2021/8/24, 72, 30, 31, 14, 2, 6
2021/8/25, 56, 12, 28, 8, 1, 5
2021/8/26, 30, 13, 44, 5, 1, 4
2021/8/27, 38, 14, 31, 8, 1, 6
2021/8/28, 33, 17, 48, 7, 2, 5
2021/8/29, 37, 27, 41, 6, 2, 6
2021/8/30, 59, 30, 29, 11, 2, 7
2021/8/31, 62, 29, 46, 11, , 8
2021/9/1, 62, 27, 28, 15, , 8
2021/9/2, 60, 26, 43, 10, 1, 7
2021/9/3, 64, 22, 34, 6, , 5
2021/9/4, 39, 17, 40, 8, 2, 5
2021/9/5, 32, 18, 40, 10, 2, 5
2021/9/6, 29, 33, 52, 18, 2, 5
2021/9/7, 62, 37, 50, 13, 2, 5
2021/9/8, 79, 35, 63, 9, 2, 5
2021/9/9, 75, 35, 53, 14, 1, 5
2021/9/10, 77, 56, 56, 23, 1, 8
2021/9/11, 119, 48, 62, 13, 1, 7
2021/9/12, 112, 22, 26, 7, , 5
2021/9/13, 62, 18, 22, 7, , 5
2021/9/14, 54, 19, 24, 7, , 4
2021/9/15, 57, 12, 30, 9, , 4
2021/9/16, 34, 25, 32, 15, 1, 6
2021/9/17, 52, 13, 15, 10, 1, 4
2021/9/18, 30, 12, 45, 7, 1, 5
2021/9/19, 25, 31, 62, 12, 1, 6
2021/9/20, 63, 40, 87, 14, 1, 7
2021/9/21, 84, 51, 77, 14, 1, 7
2021/9/22, 103, 39, 24, 10, 1, 5
2021/9/23, 79, 28, 30, 9, 1, 4
2021/9/24, 67, 25, 34, 8, 1, 4
2021/9/25, 64, 13, 21, 6, , 3
2021/9/26, 29, 18, 35, 10, , 5
2021/9/27, 42, 19, 51, 9, , 6
2021/9/28, 40, 31, 56, 15, 1, 7
2021/9/29, 63, 42, 70, 15, 4, 7
2021/9/30, 79, 54, 52, 18, 1, 8
2021/4/1, 31, 38, 27, 15, 1, 4
2021/4/2, 58, 41, 36, 17, 1, 5
2021/4/3, 73, 28, 23, 13, 1, 6
2021/4/4, 52, 34, 14, 15, 1, 8
2021/4/5, 68, 44, 18, 16, 1, 8
2021/4/6, 100, 38, 41, 18, 1, 7
2021/4/7, 79, 35, 31, 18, 1, 5
2021/4/8, 71, 35, 20, 16, 1, 5
2021/4/9, 85, 24, 14, 14, 1, 5
2021/4/10, 70, 34, 28, 14, 1, 5
2021/4/11, 77, 61, 42, 19, 1, 7
2021/4/12, 129, 46, 25, 19, 1, 6
2021/4/13, 106, 23, 32, 13, 1, 4
2021/4/14, 44, 40, 20, 17, 1, 5
2021/4/15, 65, 34, 14, 16, 1, 4
2021/4/16, 58, 44, 16, 22, 1, 9
2021/4/17, 87, 39, 23, 10, , 4
2021/4/18, 61, 55, 11, 18, 1, 5
2021/4/19, 95, 35, 32, 14, 1, 5
2021/4/20, 62, 47, 50, 20, 1, 8
2021/4/21, 93, 77, 37, 26, 2, 10
2021/4/22, 156, 51, 70, 14, 2, 6
2021/4/23, 105, 20, 30, 10, 1, 6
2021/4/24, 24, 16, 38, 7, 1, 3
2021/4/25, 18, 29, 54, 14, 1, 5
2021/4/26, 48, 33, 55, 12, 1, 5
2021/4/27, 69, 46, 39, 9, 1, 3
2021/4/28, 68, 44, 54, 18, 1, 5
2021/4/29, 72, 67, 108, 28, 2, 7
2021/4/30, 127, 60, 106, 20, 2, 6
2021/5/1, 123, 64, 98, 15, 2, 6
2021/5/2, 131, 38, 74, 7, 1, 4
2021/5/3, 82, 60, 25, 12, 1, 4
2021/5/4, 85, 64, 32, 12, 1, 3
2021/5/5, 95, 57, 42, 10, 1, 4
2021/5/6, 95, 52, 51, 13, 2, 5
2021/5/7, 99, 58, 82, 15, 2, 5
2021/5/8, 113, 67, 113, 24, 2, 7
2021/5/9, 138, 58, 42, 22, 1, 6
2021/5/10, 119, 38, 66, 14, 1, 4
2021/5/11, 62, 46, 40, 16, 1, 5
2021/5/12, 92, 50, 31, 21, 1, 6
2021/5/13, 105, 57, 33, 24, 1, 8
2021/5/14, 127, 31, 34, 13, 1, 4
2021/5/15, 54, 19, 35, 15, 1, 3
2021/5/16, 29, 27, 33, 20, 1, 4
2021/5/17, 44, 26, 39, 15, 1, 4
2021/5/18, 58, 44, 74, 19, 1, 6
2021/5/19, 92, 46, 54, 18, 1, 6
2021/5/20, 100, 47, 18, 22, 1, 7
2021/5/21, 99, 38, 29, 16, 1, 6
2021/5/22, 83, 23, 28, 15, 1, 5
2021/5/23, 46, 41, 59, 17, 1, 6
2021/5/24, 69, 41, 19, 20, 1, 6
2021/5/25, 68, 35, 16, 21, 1, 6
2021/5/26, 63, 55, 61, 19, 1, 7
2021/5/27, 129, 54, 77, 18, 1, 6
2021/5/28, 114, 50, 39, 20, 2, 5
2021/5/29, 110, 57, 72, 18, 2, 4
2021/5/30, 107, 62, 92, 20, 1, 5
2021/5/31, 122, 52, 53, 18, 1, 5
2021/6/1, 90, 48, 39, 24, 1, 5
2021/6/2, 89, 27, 29, 13, 1, 2
2021/6/3, 47, 45, 52, 20, 1, 5
2021/6/4, 65, 61, 89, 29, 2, 7
2021/6/5, 93, 74, 126, 33, 2, 9
2021/6/6, 137, 66, 38, 26, 1, 9
2021/6/7, 129, 32, 38, 17, 1, 6
2021/6/8, 61, 26, 41, 13, 1, 7
2021/6/9, 67, 40, 71, 14, 1, 6
2021/6/10, 88, 42, 56, 17, 1, 5
2021/6/11, 82, 69, 26, 34, 1, 8
2021/6/12, 137, 66, 30, 20, 1, 7
2021/6/13, 142, 38, 24, 14, 1, 7
2021/6/14, 91, 31, 36, 12, 1, 7
2021/6/15, 65, 17, 18, 9, 1, 5
2021/6/16, 43, 15, 34, 11, 1, 4
2021/6/17, 33, 28, 44, 14, 1, 4
2021/6/18, 49, 46, 54, 20, 2, 5
2021/6/19, 84, 51, 77, 21, 1, 6
2021/6/20, 94, 62, 71, 30, 2, 8
2021/6/21, 115, 64, 127, 28, 2, 8
2021/6/22, 122, 60, 76, 37, 2, 8
2021/6/23, 124, 43, 33, 18, 1, 7
2021/6/24, 103, 25, 42, 9, 1, 5
2021/6/25, 62, 51, 65, 22, 1, 8
2021/6/26, 94, 49, 58, 18, 1, 7
2021/6/27, 100, 41, 57, 15, 1, 7
2021/6/28, 75, 23, 50, 9, 1, 6
2021/6/29, 39, 35, 60, 17, 1, 6
2021/6/30, 60, 43, 39, 19, 1, 8
2021/1/4, 166, 77, 17, 19, 2, 9
2021/1/5, 156, 60, 7, 19, 1, 7
2021/1/6, 143, 46, 18, 14, 1, 4
2021/1/7, 109, 54, 10, 23, 1, 5
2021/1/8, 122, 69, 5, 24, 1, 6
2021/1/9, 159, 68, 19, 22, 1, 6
2021/1/10, 148, 69, 22, 24, 1, 7
2021/1/11, 126, 82, 17, 33, 2, 10
2021/1/12, 149, 115, 24, 35, 3, 12
2021/1/13, 181, 116, 25, 34, 2, 13
2021/1/14, 190, 114, 32, 35, 2, 11
2021/1/15, 187, 113, 18, 33, 3, 12
2021/1/16, 165, 55, 29, 15, 1, 3
2021/1/17, 81, 53, 25, 20, 1, 4
2021/1/18, 98, 83, 26, 27, 2, 7
2021/1/19, 157, 103, 2, 31, 2, 10
2021/1/20, 175, 94, 21, 31, 2, 10
2021/1/21, 174, 74, 35, 27, 4, 8
2021/1/22, 158, 101, 30, 27, 2, 9
2021/1/23, 181, 91, 11, 25, 2, 10
2021/1/24, 170, 51, 11, 20, 1, 9
2021/1/25, 126, 75, 20, 23, 1, 10
2021/1/26, 153, 69, 19, 22, 1, 9
2021/1/27, 147, 89, 21, 27, 1, 9
2021/1/28, 169, 62, 12, 24, 2, 8
2021/1/29, 149, 54, 27, 20, 1, 7
2021/1/30, 120, 63, 29, 22, 1, 6
2021/1/31, 124, 68, 37, 23, 2, 7
2021/2/1, 147, 85, 8, 34, 2, 9
2021/2/2, 166, 113, 23, 28, 3, 12
2021/2/3, 191, 122, 13, 26, 2, 12
2021/2/4, 209, 56, 32, 20, 1, 7
2021/2/5, 129, 72, 40, 24, 3, 10
2021/2/6, 157, 71, 40, 24, 1, 9
2021/2/7, 150, 74, 37, 26, 2, 9
2021/2/8, 160, 84, 42, 21, 2, 10
2021/2/9, 173, 76, 43, 17, 1, 6
2021/2/10, 168, 92, 42, 16, 2, 7
2021/2/11, 185, 93, 41, 13, 2, 7
2021/2/12, 188, 46, 32, 7, 2, 3
2021/2/13, 116, 47, 37, 9, 1, 4
2021/2/14, 123, 38, 26, 8, 1, 2
2021/2/15, 82, 34, 36, 11, 1, 3
2021/2/16, 68, 39, 34, 14, 1, 3
2021/2/17, 81, 20, 30, 10, 1, 2
2021/2/18, 58, 28, 38, 14, 1, 3
2021/2/19, 68, 56, 41, 22, 1, 6
2021/2/20, 115, 80, 44, 25, 2, 8
2021/2/21, 150, 87, 43, 27, 2, 8
2021/2/22, 161, 83, 54, 29, 1, 8
2021/2/23, 162, 70, 39, 21, 2, 7
2021/2/24, 151, 31, 24, 13, 1, 5
2021/2/25, 76, 26, 19, 15, 2, 5
2021/2/26, 64, 30, 17, 13, 1, 5
2021/2/27, 68, 17, 11, 11, 1, 5
2021/2/28, 33, 36, 27, 14, 1, 5
2021/3/1, 64, 53, 29, 18, 1, 6
2021/3/2, 96, 49, 27, 20, 1, 6
2021/3/3, 110, 61, 13, 26, 2, 8
2021/3/4, 128, 64, 40, 19, 1, 7
2021/3/5, 134, 42, 19, 21, 1, 6
2021/3/6, 91, 34, 16, 17, 1, 6
2021/3/7, 79, 36, 4, 15, 1, 8
2021/3/8, 83, 49, 13, 21, 1, 9
2021/3/9, 109, 50, 16, 19, 1, 7
2021/3/10, 112, 62, 23, 23, 1, 9
2021/3/11, 130, 76, 13, 28, 1, 10
2021/3/12, 158, 75, 32, 28, 1, 11
2021/3/13, 154, 82, 23, 29, 2, 11
2021/3/14, 154, 71, 63, 27, 1, 11
2021/3/15, 140, 83, 66, 28, 2, 12
2021/3/16, 153, 100, 18, 20, 1, 8
2021/3/17, 125, 32, 32, 13, 1, 5
2021/3/18, 64, 27, 11, 14, 1, 5
2021/3/19, 39, 114, 22, 14, 1, 3
2021/3/20, 128, 93, 22, 14, 1, 2
2021/3/21, 101, 83, 24, 17, 2, 3
2021/3/22, 101, 83, 40, 19, 1, 6
2021/3/23, 126, 89, 24, 26, 1, 7
2021/3/24, 140, 86, 8, 30, 1, 7
2021/3/25, 153, 46, 33, 17, 1, 6
2021/3/26, 84, 71, 43, 21, 1, 7
2021/3/27, 100, 108, 60, 28, 2, 9
2021/3/28, 145, 109, 88, 32, 2, 9
2021/3/29, 144, 101, 63, 31, 3, 9
2021/3/30, 146, 29, 32, 11, 1, 5
2021/3/31, 60, 20, 21, 13, 1, 4
2020/10/1, 64, 24, 15, 6, 2, 8
2020/10/2, 60, 20, 16, 9, 2, 7
2020/10/3, 26, 16, 24, 6, 2, 6
2020/10/4, 37, 7, 21, 4, 2, 6
2020/10/5, 16, 10, 17, 7, 2, 6
2020/10/6, 28, 19, 16, 16, , 4
2020/10/7, 53, 36, 13, 16, 2, 5
2020/10/8, 71, 30, 7, 17, 2, 5
2020/10/9, 66, 35, 7, 17, 2, 5
2020/10/10, 69, 59, 8, 19, 3, 6
2020/10/11, 107, 49, 9, 19, 2, 6
2020/10/12, 84, 25, 9, 14, 2, 4
2020/10/13, 42, 20, 12, 14, 2, 4
2020/10/14, 39, 38, 13, 22, 3, 5
2020/10/15, 62, 38, 19, 21, 2, 5
2020/10/16, 70, 35, 25, 15, 2, 4
2020/10/17, 68, 29, 12, 14, 2, 5
2020/10/18, 71, 22, 15, 15, 2, 6
2020/10/19, 56, 23, 15, 14, 2, 5
2020/10/20, 56, 35, 26, 20, 3, 6
2020/10/21, 65, 70, 27, 24, 3, 8
2020/10/22, 138, 84, 7, 37, 3, 11
2020/10/23, 152, 98, 29, 27, 4, 10
2020/10/24, 164, 77, 12, 34, 3, 9
2020/10/25, 142, 84, 9, 35, 3, 10
2020/10/26, 152, 53, 22, 22, 3, 7
2020/10/27, 90, 25, 18, 20, 3, 5
2020/10/28, 41, 57, 27, 25, 3, 7
2020/10/29, 97, 49, 6, 23, , 7
2020/10/30, 94, 51, 7, 23, 3, 8
2020/10/31, 88, 66, 6, 26, 3, 9
2020/11/1, 108, 78, 12, 28, 4, 10
2020/11/2, 137, 53, 22, 19, 3, 7
2020/11/3, 101, 44, 19, 16, 3, 5
2020/11/4, 88, 49, 11, 18, 2, 5
2020/11/5, 106, 65, 14, 23, 3, 9
2020/11/6, 124, 67, 28, 30, 3, 10
2020/11/7, 133, 81, 22, 34, 3, 11
2020/11/8, 151, 77, 34, 26, 3, 9
2020/11/9, 152, 100, 13, 38, 3, 12
2020/11/10, 170, 83, 32, 23, 4, 8
2020/11/11, 163, 82, 23, 27, 5, 9
2020/11/12, 161, 82, 14, 28, 7, 8
2020/11/13, 153, 82, 23, 30, 5, 10
2020/11/14, 161, 95, 20, 30, 6, 8
2020/11/15, 168, 99, 11, 32, 5, 9
2020/11/16, 173, 88, 33, 31, 6, 7
2020/11/17, 166, 67, 16, 31, 3, 7
2020/11/18, 113, 69, 32, 30, 2, 7
2020/11/19, 122, 78, 17, 29, 4, 8
2020/11/20, 134, 44, 11, 18, 2, 6
2020/11/21, 78, 26, 19, 12, 1, 4
2020/11/22, 57, 25, 14, 14, 1, 4
2020/11/23, 59, 44, 1, 20, 1, 6
2020/11/24, 91, 47, 7, 20, 2, 7
2020/11/25, 95, 56, 7, 24, 2, 8
2020/11/26, 106, 65, , 23, 2, 9
2020/11/27, 133, 36, 3, 22, 1, 7
2020/11/28, 85, 62, 2, 23, 1, 8
2020/11/29, 133, 61, 7, 22, 1, 9
2020/11/30, 145, 36, 5, 18, 1, 8
2020/12/1, 98, 47, 5, 18, 1, 8
2020/12/2, 115, 40, 6, 16, 1, 8
2020/12/3, 103, 29, 2, 15, 1, 7
2020/12/4, 79, 36, , 15, 1, 7
2020/12/5, 91, 58, 6, 19, 1, 6
2020/12/6, 143, 50, 7, 20, 1, 7
2020/12/7, 113, 51, 7, 21, 1, 8
2020/12/8, 114, 64, 4, 21, 2, 7
2020/12/9, 147, 64, 5, 20, 1, 8
2020/12/10, 145, 65, 11, 21, 1, 7
2020/12/11, 144, 82, 6, 24, 2, 9
2020/12/12, 164, 76, 15, 21, 2, 8
2020/12/13, 152, 27, 21, 13, 1, 3
2020/12/14, 67, 39, 9, 17, 1, 4
2020/12/15, 93, 37, 4, 18, 1, 5
2020/12/16, 98, 36, 9, 17, 1, 5
2020/12/17, 90, 53, 23, 17, 1, 6
2020/12/18, 123, 62, 18, 23, 2, 6
2020/12/19, 136, 71, 6, 31, 2, 9
2020/12/20, 158, 97, 3, 29, 2, 13
2020/12/21, 175, 69, 14, 28, 2, 9
2020/12/22, 158, 78, 14, 26, 2, 8
2020/12/23, 166, 105, 2, 37, 3, 15
2020/12/24, 181, 100, 1, 30, 3, 10
2020/12/25, 183, 109, 12, 26, 2, 11
2020/12/26, 192, 136, 1, 32, 2, 16
2020/12/27, 226, 126, 5, 24, 2, 12
2020/12/28, 220, 59, 9, 21, 1, 6
2020/12/29, 124, 57, 13, 22, 2, 6
2020/12/30, 109, 56, 10, 24, 1, 4
2020/12/31, 121, 72, 12, 28, 2, 6
2021/1/1, 154, 94, 2, 28, 2, 8
2021/1/2, 173, 75, 21, 21, 2, 7
2021/1/3, 161, 85, 4, 25, 3, 9
2020/7/1, 43, 39, 101, 16, 2, 5
2020/7/2, 63, 34, 71, 12, 2, 4
2020/7/3, 66, 24, 44, 11, 2, 4
2020/7/4, 58, 34, 72, 13, 2, 5
2020/7/5, 74, 31, 73, 8, 1, 
2020/7/6, 66, 42, 47, 15, 2, 5
2020/7/7, 98, 52, 81, 17, 1, 6
2020/7/8, 123, 34, 67, 16, 1, 5
2020/7/9, 75, 35, 27, 18, 1, 4
2020/7/10, 68, 10, 39, 10, 1, 2
2020/7/11, 18, 22, 48, 15, 1, 4
2020/7/12, 39, 34, 61, 17, 3, 5
2020/7/13, 66, 37, 52, 12, 1, 5
2020/7/14, 90, 16, 33, 11, 1, 4
2020/7/15, 27, 14, 15, 13, 1, 4
2020/7/16, 30, 18, 67, 13, 1, 4
2020/7/17, 41, 33, 23, 24, 2, 6
2020/7/18, 55, 32, 72, 18, 1, 4
2020/7/19, 55, 53, 39, 24, 2, 5
2020/7/20, 88, 28, 30, 14, 1, 4
2020/7/21, 63, 38, 42, 14, 1, 5
2020/7/22, 85, 39, 19, 18, 1, 6
2020/7/23, 80, 35, 34, 13, 2, 5
2020/7/24, 66, 14, 15, 11, 1, 5
2020/7/25, 28, 34, 96, 14, 1, 5
2020/7/26, 48, 79, 108, 23, 2, 6
2020/7/27, 116, 75, 110, 20, 3, 6
2020/7/28, 123, 38, 35, 16, 1, 5
2020/7/29, 77, 13, 30, 9, 1, 4
2020/7/30, 41, 9, 21, 9, 1, 5
2020/7/31, 21, 29, 35, 13, 1, 6
2020/8/1, 59, 26, 108, 12, 1, 7
2020/8/2, 61, 37, 49, 16, 1, 8
2020/8/3, 74, 41, 50, 17, 2, 7
2020/8/4, 82, 34, 65, 13, 1, 6
2020/8/5, 67, 49, 76, 14, 1, 7
2020/8/6, 89, 29, 40, 14, 1, 7
2020/8/7, 67, 32, 76, 14, 1, 7
2020/8/8, 64, 42, 122, 15, 2, 6
2020/8/9, 78, 61, 95, 20, 2, 8
2020/8/10, 119, 23, 31, 12, 1, 6
2020/8/11, 53, 7, 28, 8, 1, 4
2020/8/12, 23, 12, 30, 11, 2, 4
2020/8/13, 31, 23, 49, 14, , 5
2020/8/14, 58, 13, 17, 10, 1, 4
2020/8/15, 33, 2, 26, 6, 1, 4
2020/8/16, 10, 18, 26, 8, 2, 4
2020/8/17, 38, 10, 32, 11, 2, 4
2020/8/18, 19, 40, 47, 19, 2, 7
2020/8/19, 95, 61, 68, 22, 2, 9
2020/8/20, 137, 49, 51, 21, 2, 8
2020/8/21, 98, 46, 32, 16, 3, 7
2020/8/22, 103, 30, 31, 14, 2, 6
2020/8/23, 74, 16, 49, 11, 2, 4
2020/8/24, 21, 48, 102, 21, 2, 7
2020/8/25, 80, 58, 92, 26, 2, 7
2020/8/26, 106, 59, 113, 24, 3, 7
2020/8/27, 110, 64, 97, 24, 4, 7
2020/8/28, 127, 24, 119, 16, 2, 5
2020/8/29, 55, 33, 26, 12, 2, 5
2020/8/30, 66, 16, 25, 11, 2, 5
2020/8/31, 34, 38, 36, 18, 2, 6
2020/9/1, 80, 39, 75, 16, 2, 6
2020/9/2, 74, , , , , 
2020/9/4, 128, 70, 27, 27, 3, 9
2020/9/5, 140, 33, 59, 15, 2, 5
2020/9/6, 63, 43, 62, 21, 2, 6
2020/9/7, 76, 53, 41, 25, 2, 7
2020/9/8, 102, 41, 30, 19, 2, 7
2020/9/9, 96, 38, 51, 17, 2, 7
2020/9/10, 73, 44, 23, 20, 3, 7
2020/9/11, 79, 18, 23, 12, , 4
2020/9/12, 53, 24, 26, 12, , 4
2020/9/13, 61, 19, 28, 11, 2, 5
2020/9/14, 45, 41, 28, 21, 2, 6
2020/9/15, 72, 29, 26, 13, 2, 5
2020/9/16, 66, 25, 35, 15, 2, 4
2020/9/17, 45, 37, 39, 22, 2, 5
2020/9/18, 67, 46, 25, 20, 2, 6
2020/9/19, 92, 30, 19, 14, 2, 5
2020/9/20, 72, 25, 9, 16, 2, 5
2020/9/21, 50, 23, 23, 18, 2, 7
2020/9/22, 45, 35, 36, 20, 2, 7
2020/9/23, 66, 33, 17, 16, 2, 6
2020/9/24, 64, 15, 11, 14, 2, 6
2020/9/25, 40, 24, 12, 18, 2, 6
2020/9/26, 57, 19, 11, 18, 2, 7
2020/9/27, 52, 29, 8, 19, 2, 7
2020/9/28, 74, 30, 38, 18, 2, 7
2020/9/29, 68, 36, 22, 14, 2, 7
2020/9/30, 72, 25, 14, 8, 2, 8
2020/4/1, 99, 37, 20, 14, 2, 4
2020/4/2, 79, 11, 16, 10, 2, 4
2020/4/3, 32, 19, 34, 13, 2, 4
2020/4/4, 52, 45, 32, 16, 2, 5
2020/4/5, 104, 57, 15, 18, 2, 5
2020/4/6, 128, 76, 33, 20, 3, 7
2020/4/7, 163, 54, 48, 23, 2, 5
2020/4/8, 120, 62, 56, 32, 2, 7
2020/4/9, 124, 47, 53, 17, 2, 5
2020/4/10, 100, 62, 43, 21, 2, 5
2020/4/11, 94, 89, 46, 29, 2, 6
2020/4/12, 132, 44, 28, 23, 1, 5
2020/4/13, 97, 56, 48, 25, 1, 6
2020/4/14, 127, 91, 45, 30, 3, 10
2020/4/15, 168, 85, 79, 23, 3, 8
2020/4/16, 169, 74, 37, 23, 3, 6
2020/4/17, 117, 41, 56, 10, 2, 5
2020/4/18, 64, 39, 22, 13, 2, 6
2020/4/19, 68, 52, 31, 16, 2, 7
2020/4/20, 95, 35, 31, 12, 2, 5
2020/4/21, 62, 33, 30, 12, 2, 5
2020/4/22, 62, 33, 42, 10, 4, 5
2020/4/23, 68, 48, 48, 14, 2, 6
2020/4/24, 107, 57, 62, 22, 3, 5
2020/4/25, 114, 63, 70, 25, 4, 6
2020/4/26, 124, 63, 69, 28, 2, 6
2020/4/27, 111, 76, 88, 35, 4, 8
2020/4/28, 131, 76, 46, 42, 4, 9
2020/4/29, 137, 53, 78, 20, 2, 7
2020/4/30, 106, 66, 116, 18, 3, 8
2020/5/1, 141, 79, 108, 31, 4, 11
2020/5/2, 141, 77, 115, 30, 4, 11
2020/5/3, 139, 75, 101, 27, 4, 10
2020/5/4, 138, 71, 66, 23, 4, 6
2020/5/5, 135, 69, 112, 18, 3, 6
2020/5/6, 142, 29, 31, 7, 2, 5
2020/5/7, 61, 26, 48, 13, 2, 5
2020/5/8, 34, 31, 31, 12, 2, 2
2020/5/9, 46, 36, 66, 11, 2, 1
2020/5/10, 56, 78, 31, 16, 2, 2
2020/5/11, 106, 78, 18, 26, 2, 4
2020/5/12, 122, 91, 89, 26, 4, 5
2020/5/13, 157, 69, 93, 16, 2, 5
2020/5/14, 147, 76, 112, 17, 2, 6
2020/5/15, 152, 71, 84, 16, 2, 6
2020/5/16, 133, 49, 84, 11, 2, 4
2020/5/17, 83, 60, 97, 19, 3, 3
2020/5/18, 89, 76, 102, 23, 4, 4
2020/5/19, 117, 51, 50, 11, 2, 5
2020/5/20, 100, 42, 35, 16, 2, 5
2020/5/21, 91, 47, 56, 20, 2, 5
2020/5/22, 76, 83, 136, 30, 4, 8
2020/5/23, 146, 26, 27, 13, 2, 4
2020/5/24, 51, 25, 31, 14, 2, 4
2020/5/25, 39, 53, 31, 25, 3, 6
2020/5/26, 99, 32, 46, 18, 2, 3
2020/5/27, 50, 35, 53, 15, 4, 4
2020/5/28, 63, 47, 81, 18, 3, 5
2020/5/29, 86, 62, 99, 28, 3, 7
2020/5/30, 116, 63, 112, 17, 2, 7
2020/5/31, 147, 41, 37, 12, 2, 6
2020/6/1, 77, 29, 53, 14, 2, 4
2020/6/2, 51, 57, 78, 24, 3, 7
2020/6/3, 93, 80, 104, 26, 3, 8
2020/6/4, 120, 80, 123, 22, 4, 6
2020/6/5, 133, 75, 98, 22, 4, 5
2020/6/6, 129, 90, 55, 10, 2, 4
2020/6/7, 126, 40, 43, 14, 2, 4
2020/6/8, 86, 59, 98, 18, 2, 4
2020/6/9, 101, 50, 87, 14, 2, 5
2020/6/10, 96, 60, 45, 15, 2, 6
2020/6/11, 138, 44, 55, 14, 2, 6
2020/6/12, 96, 46, 34, 17, 2, 6
2020/6/13, 77, 51, 59, 17, 3, 6
2020/6/14, 80, 65, 102, 15, 3, 7
2020/6/15, 117, 41, 44, 10, 2, 6
2020/6/16, 77, 14, 31, 10, 2, 6
2020/6/17, 36, 23, 52, 11, 2, 5
2020/6/18, 39, 46, 86, 16, 3, 7
2020/6/19, 89, 38, 31, 10, 2, 6
2020/6/20, 84, 35, 20, 12, 2, 7
2020/6/21, 86, 25, 36, 11, 2, 7
2020/6/22, 64, 27, 86, 12, 2, 5
2020/6/23, 46, 34, 79, 12, 2, 4
2020/6/24, 45, 44, 106, 11, 2, 5
2020/6/25, 70, 22, 37, 7, 2, 5
2020/6/26, 36, 18, 67, 11, , 5
2020/6/27, 31, 24, 66, 12, 2, 7
2020/6/28, 43, 43, 102, 18, 2, 8
2020/6/29, 79, 46, 97, 12, 2, 6
2020/6/30, 89, 19, 30, 10, , 3
2020/1/1, 162, 86, 7, 18, 4, 11
2020/1/2, 166, 68, 17, 18, 2, 11
2020/1/3, 143, 84, 3, 21, 3, 13
2020/1/4, 164, 75, 2, 18, 2, 11
2020/1/5, 160, 83, 1, 21, 2, 14
2020/1/6, 164, 62, 17, 22, 2, 8
2020/1/7, 133, 86, 7, 32, 2, 9
2020/1/8, 156, 72, 4, 24, 2, 8
2020/1/9, 150, 46, 9, 18, 2, 9
2020/1/10, 97, , , , , 
2020/1/12, 155, 73, 5, 24, 6, 10
2020/1/13, 157, 90, 1, 25, 2, 11
2020/1/14, 169, 48, 1, 13, 1, 8
2020/1/15, 117, 47, 14, 13, 1, 9
2020/1/16, 106, 62, 2, 19, 2, 9
2020/1/17, 145, 65, 9, 16, 2, 9
2020/1/18, 154, 54, 27, 16, 1, 8
2020/1/19, 128, 76, 20, 21, 3, 9
2020/1/20, 163, 75, 22, 18, 2, 9
2020/1/21, 165, 83, 21, 20, 2, 11
2020/1/22, 173, 79, 10, 18, 1, 9
2020/1/23, 174, 47, 25, 9, 2, 7
2020/1/24, 119, 45, 29, 9, 2, 7
2020/1/25, 127, 40, 19, 10, 2, 7
2020/1/26, 110, 37, 14, 8, 1, 8
2020/1/27, 98, 48, 13, 10, 1, 8
2020/1/28, 143, 45, 19, 12, 1, 6
2020/1/29, 130, 51, 17, 13, 1, 7
2020/1/30, 137, 43, 13, 9, 1, 5
2020/1/31, 132, 43, 9, 8, 1, 5
2020/2/1, 130, 40, 16, 10, 1, 5
2020/2/2, 115, 27, 21, 10, 1, 4
2020/2/3, 96, 36, 21, 10, 1, 5
2020/2/4, 105, 52, 16, 9, 2, 5
2020/2/5, 140, 26, 23, 6, 1, 4
2020/2/6, 81, 40, 12, 8, 1, 6
2020/2/7, 114, 46, 15, 10, 2, 7
2020/2/8, 130, 41, 24, 8, 1, 6
2020/2/9, 111, 34, 24, 9, 1, 6
2020/2/10, 92, 52, 25, 8, 2, 7
2020/2/11, 135, 72, 23, 10, 2, 8
2020/2/12, 167, 69, 27, 9, 2, 8
2020/2/13, 165, 68, 22, 7, 2, 7
2020/2/14, 140, 76, 21, 4, 1, 3
2020/2/15, 75, 51, 26, 6, 1, 4
2020/2/16, 76, 52, 21, 8, 2, 5
2020/2/17, 99, 60, 23, 9, 2, 5
2020/2/18, 129, 49, 27, 6, 1, 4
2020/2/19, 117, 52, 23, 7, 2, 4
2020/2/20, 131, 53, 34, 8, 1, 5
2020/2/21, 113, 68, 14, 12, 1, 6
2020/2/22, 149, 77, 20, 12, 2, 6
2020/2/23, 162, 78, 38, 11, 2, 7
2020/2/24, 164, 64, 42, 11, 2, 7
2020/2/25, 150, 77, 43, 13, 2, 7
2020/2/26, 165, 86, 22, 13, 2, 8
2020/2/27, 175, 28, 31, 9, 2, 6
2020/2/28, 64, 45, 46, 14, 2, 6
2020/2/29, 100, 65, 23, 15, 2, 6
2020/3/1, 122, 29, 26, 8, 1, 4
2020/3/2, 60, 37, 17, 13, , 4
2020/3/3, 74, 35, 32, 11, 1, 4
2020/3/4, 68, 50, 21, 11, 2, 6
2020/3/5, 109, 53, 25, 10, 1, 6
2020/3/6, 130, 59, 38, 12, 2, 7
2020/3/7, 135, 68, 27, 12, 3, 7
2020/3/8, 148, 70, 23, 13, 2, 5
2020/3/9, 98, 46, 19, 10, 2, 3
2020/3/10, 72, 59, 34, 13, 2, 3
2020/3/11, 96, 78, 26, 17, 3, 4
2020/3/12, 143, 91, 28, 16, 2, 5
2020/3/13, 139, 102, 15, 23, 3, 6
2020/3/14, 146, 96, 26, 21, 3, 6
2020/3/15, 148, 39, 21, 10, 2, 4
2020/3/16, 73, 39, 38, 17, 2, 4
2020/3/17, 66, 77, 39, 32, 3, 8
2020/3/18, 130, 56, 43, 19, 3, 5
2020/3/19, 95, 76, 62, 26, 4, 7
2020/3/20, 127, 75, 70, 24, 5, 7
2020/3/21, 132, 52, 38, 17, 2, 6
2020/3/22, 101, 74, 61, 21, 3, 7
2020/3/23, 137, 94, 58, 27, 2, 8
2020/3/24, 163, 73, 87, 17, 2, 8
2020/3/25, 156, 100, 33, 14, 2, 7
2020/3/26, 143, 30, 34, 10, 1, 5
2020/3/27, 48, 14, 24, 10, 2, 6
2020/3/28, 199, 23, 27, 11, 1, 6
2020/3/29, 53, 33, 17, 14, 2, 7
2020/3/30, 69, 33, 39, 14, 2, 7
2020/3/31, 75, 44, 29, 16, 2, 6
2019/10/1, 135, 41, 28, 10, 3, 6
2019/10/2, 93, 43, 21, 7, 2, 7
2019/10/3, 103, 22, 15, 3, 2, 6
2019/10/4, 51, 20, 35, 5, 2, 6
2019/10/5, 40, 25, 11, 9, 2, 6
2019/10/6, 45, 22, 20, 10, 3, 7
2019/10/7, 39, 34, 10, 14, 3, 7
2019/10/8, 71, 34, 11, 12, 4, 7
2019/10/9, 60, 54, 15, 15, 3, 9
2019/10/10, 89, 52, 27, 18, 3, 8
2019/10/11, 83, 50, 19, 16, 3, 8
2019/10/12, 83, 46, 12, 11, 3, 7
2019/10/13, 85, 34, 14, 10, 3, 6
2019/10/14, 59, 32, 10, 13, 3, 7
2019/10/15, 68, 22, 22, 12, 3, 7
2019/10/16, 42, 34, 31, 15, 3, 8
2019/10/17, 68, 31, 31, 16, 4, 7
2019/10/18, 59, 49, 21, 22, 4, 8
2019/10/19, 97, 57, 13, 19, 4, 9
2019/10/20, 118, 40, 9, 15, 3, 8
2019/10/21, 92, 28, 20, 13, 3, 8
2019/10/22, 64, 32, 15, 15, 3, 8
2019/10/23, 64, 22, 13, 13, 3, 7
2019/10/24, 53, 13, 15, 12, 3, 5
2019/10/25, 29, 18, 10, 10, 3, 5
2019/10/26, 47, 29, 12, 9, 3, 7
2019/10/27, 63, 44, 21, 13, 3, 8
2019/10/28, 78, 64, 23, 19, 4, 10
2019/10/29, 126, 66, 20, 19, 5, 9
2019/10/30, 144, 57, 10, 14, 3, 9
2019/10/31, 124, 38, 19, 9, 3, 7
2019/11/1, 74, 37, 23, 11, 3, 8
2019/11/2, 82, 50, 20, 12, 3, 8
2019/11/3, 108, 44, 13, 9, 3, 8
2019/11/4, 98, 35, 20, 9, 3, 7
2019/11/5, 72, 40, 22, 11, 3, 7
2019/11/6, 84, 52, 20, 11, 3, 9
2019/11/7, 98, 62, 8, 12, 3, 9
2019/11/8, 133, 69, 4, 8, 4, 10
2019/11/9, 150, 59, 13, 9, 3, 10
2019/11/10, 123, 81, 4, 10, 4, 12
2019/11/11, 159, 58, 19, 9, 4, 9
2019/11/12, 116, 43, 12, 10, 4, 7
2019/11/13, 62, 66, 20, 12, 4, 8
2019/11/14, 90, 74, 8, 24, 2, 7
2019/11/15, 126, 90, 17, 25, 1, 7
2019/11/16, 158, 73, 13, 18, 1, 5
2019/11/17, 131, 78, 15, 19, 1, 3
2019/11/18, 99, 72, 1, 21, 1, 4
2019/11/19, 101, 56, 9, 17, 1, 4
2019/11/20, 97, 52, 8, 19, 1, 7
2019/11/21, 100, 57, , 18, 1, 6
2019/11/22, 122, 67, 5, 16, 1, 6
2019/11/23, 151, 33, 11, 14, , 5
2019/11/24, 74, 29, 13, 18, 1, 4
2019/11/25, 57, 34, 6, 15, 1, 4
2019/11/26, 71, 42, 2, 15, 1, 7
2019/11/27, 84, 21, 9, 15, 1, 5
2019/11/28, 51, 22, 1, 13, 1, 6
2019/11/29, 58, 53, 3, 19, 2, 7
2019/11/30, 86, 45, 14, 18, 2, 6
2019/12/1, 83, 51, 8, 21, 2, 7
2019/12/2, 91, 66, 4, 23, 2, 9
2019/12/3, 121, 70, 12, 25, 3, 9
2019/12/4, 143, 65, 22, 18, 3, 7
2019/12/5, 143, 48, 25, 17, 3, 6
2019/12/6, 111, 79, 6, 21, 3, 9
2019/12/7, 158, 76, 15, 24, 4, 9
2019/12/8, 159, 94, 14, 26, 3, 12
2019/12/9, 171, 102, 20, 25, 3, 14
2019/12/10, 176, 106, 13, 26, 4, 13
2019/12/11, 184, 99, 3, 23, 4, 12
2019/12/12, 178, 95, 5, 21, 4, 10
2019/12/13, 177, 86, 4, 19, 9, 11
2019/12/14, 170, 86, 13, 14, 3, 10
2019/12/15, 168, 69, 11, 12, 3, 9
2019/12/16, 148, 50, 9, 10, 3, 8
2019/12/17, 90, 43, 16, 9, 2, 5
2019/12/18, 82, 61, 4, 13, 2, 8
2019/12/19, 125, 55, , 10, 3, 8
2019/12/20, 121, 52, 14, 16, 3, 8
2019/12/21, 117, 72, 4, 20, 4, 9
2019/12/22, 158, 76, 2, 20, 4, 11
2019/12/23, 162, 91, , 20, 4, 13
2019/12/24, 170, 75, 4, 17, 5, 11
2019/12/25, 159, 50, 16, 16, 2, 7
2019/12/26, 71, 71, 15, 19, 3, 10
2019/12/27, 111, 71, 14, 24, 2, 9
2019/12/28, 124, 81, 6, 22, 3, 11
2019/12/29, 159, , , , , 
2019/7/1, 87, 66, 42, 31, 2, 13
2019/7/2, 100, 40, 29, 21, 2, 11
2019/7/3, 71, 19, 38, 12, 2, 8
2019/7/4, 40, 34, 48, 13, 2, 8
2019/7/5, 65, 51, 26, 21, 2, 10
2019/7/6, 95, 41, 28, 21, 2, 9
2019/7/7, 68, 34, 41, 14, 2, 8
2019/7/8, 62, 38, 45, 17, 2, 9
2019/7/9, 72, 24, 46, 15, 2, 8
2019/7/10, 50, 26, 28, 14, 2, 9
2019/7/11, 45, 24, 42, 11, 2, 8
2019/7/12, 39, 23, 59, 14, 2, 8
2019/7/13, 36, 46, 68, 21, 2, 11
2019/7/14, 66, 44, 29, 21, 2, 12
2019/7/15, 91, 21, 23, 12, 2, 9
2019/7/16, 40, 21, 13, 11, 2, 9
2019/7/17, 28, 33, 44, 12, 2, 9
2019/7/18, 47, 20, 29, 10, 2, 9
2019/7/19, 26, 16, 37, 12, 2, 8
2019/7/20, 21, 34, 54, 15, 2, 10
2019/7/21, 61, 22, 16, 11, 2, 9
2019/7/22, 39, 47, 30, 22, 2, 10
2019/7/23, 65, 53, 39, 20, 2, 11
2019/7/24, 83, 47, 58, 19, 2, 11
2019/7/25, 65, 75, 76, 24, 2, 8
2019/7/26, 122, 61, 41, 19, 2, 7
2019/7/27, 104, 49, 40, 13, 2, 6
2019/7/28, 84, 14, 26, 10, 2, 5
2019/7/29, 23, 31, 27, 13, 2, 6
2019/7/30, 48, 47, 80, 17, 2, 7
2019/7/31, 70, 55, 44, 17, 2, 7
2019/8/1, 93, 46, 20, 17, 2, 8
2019/8/2, 82, 17, 38, 10, 2, 15
2019/8/3, 35, 20, 38, 13, 2, 15
2019/8/4, 40, 21, 16, 13, 2, 14
2019/8/5, 33, 11, 39, 10, 2, 13
2019/8/6, 17, 50, 101, 19, 2, 10
2019/8/7, 71, 48, 18, 31, 2, 8
2019/8/8, 65, , , , , 
2019/8/10, 42, 46, 87, 22, 2, 3
2019/8/11, 63, 65, 94, 29, 2, 7
2019/8/12, 95, 68, 59, 25, 2, 3
2019/8/13, 111, 33, 70, 13, 2, 2
2019/8/14, 54, 46, 70, 23, 2, 6
2019/8/15, 66, 48, 70, 17, 2, 3
2019/8/16, 69, , , , , 
2019/8/20, 64, 32, 36, 13, 2, 4
2019/8/21, 57, 44, 58, 14, 2, 4
2019/8/22, 81, 38, 81, 16, 2, 4
2019/8/23, 68, 57, 97, 21, 2, 5
2019/8/24, 95, 50, 55, 22, 2, 5
2019/8/25, 83, 66, 56, 17, 2, 6
2019/8/26, 109, 25, 36, 13, 2, 3
2019/8/27, 29, 42, 48, 16, 2, 5
2019/8/28, 52, 49, 63, 18, 2, 4
2019/8/29, 66, 60, 27, 20, 2, 5
2019/8/30, 94, 30, 23, 18, 2, 4
2019/8/31, 58, 50, 27, 18, 2, 5
2019/9/1, 94, 40, 23, 15, 2, 6
2019/9/2, 82, 38, 17, 15, 2, 4
2019/9/3, 75, 24, 14, 14, 2, 4
2019/9/4, 60, 35, 32, 12, 2, 4
2019/9/5, 69, 56, 25, 14, 2, 6
2019/9/6, 93, 51, 16, 15, 2, 7
2019/9/7, 90, 31, 33, 8, 2, 5
2019/9/8, 59, 12, 4, 9, 2, 5
2019/9/9, 24, 9, 24, 7, 3, 4
2019/9/10, 8, 23, 14, 12, 2, 6
2019/9/11, 48, 32, 23, 12, 2, 6
2019/9/12, 70, 8, 24, 6, 2, 3
2019/9/13, 21, 8, 28, 7, 2, 3
2019/9/14, 19, 16, 25, 10, 2, 4
2019/9/15, 35, 30, 31, 12, 2, 5
2019/9/16, 60, 16, 21, 10, 2, 4
2019/9/17, 29, 28, 29, 12, 2, 5
2019/9/18, 50, 21, 11, 11, 2, 5
2019/9/19, 49, 33, 20, 11, 2, 7
2019/9/20, 54, 46, 23, 19, 2, 7
2019/9/21, 67, 65, 48, 22, 3, 10
2019/9/22, 118, 65, 15, 20, 3, 9
2019/9/23, 126, 28, 16, 15, 3, 4
2019/9/24, 59, 23, 40, 11, 2, 4
2019/9/25, 50, 50, 23, 19, 3, 8
2019/9/26, 88, 61, 54, 16, 3, 9
2019/9/27, 123, 71, 48, 24, 3, 10
2019/9/28, 146, 66, 31, 28, 3, 9
2019/9/29, 143, 79, 26, 29, 3, 12
2019/9/30, 158, 56, 36, 11, 2, 8
2019/4/1, 101, 45, 26, 17, 3, 8
2019/4/2, 98, 38, 25, 21, 6, 8
2019/4/3, 72, 46, 38, 20, 3, 6
2019/4/4, 98, 58, 36, 28, 3, 8
2019/4/5, 116, 68, 50, 34, 4, 18
2019/4/6, 108, 81, 70, 36, 4, 13
2019/4/7, 128, 80, 51, 34, 4, 10
2019/4/8, 121, 43, 59, 19, 3, 10
2019/4/9, 59, 40, 21, 24, 3, 5
2019/4/10, 64, 33, 21, 22, 3, 5
2019/4/11, 61, 62, 20, 28, 3, 9
2019/4/12, 126, 66, 29, 26, 3, 16
2019/4/13, 121, 32, 37, 21, 3, 11
2019/4/14, 60, 29, 25, 15, 3, 6
2019/4/15, 63, 57, 43, 19, 3, 8
2019/4/16, 125, 64, 44, 13, 2, 16
2019/4/17, 128, 82, 64, 25, 2, 18
2019/4/18, 156, 91, 83, 28, 2, 19
2019/4/19, 160, 46, 25, 17, 2, 15
2019/4/20, 85, 41, 55, 17, 1, 15
2019/4/21, 63, 62, 36, 24, 2, 13
2019/4/22, 90, 81, 51, 33, 2, 12
2019/4/23, 130, 84, 72, 34, 2, 19
2019/4/24, 149, 76, 68, 25, 2, 15
2019/4/25, 142, 70, 78, 27, 2, 8
2019/4/26, 126, 57, 41, 13, 2, 8
2019/4/27, 88, 21, 29, 10, , 6
2019/4/28, 35, 34, 38, 16, 2, 7
2019/4/29, 62, 38, 35, 19, 2, 7
2019/4/30, 67, 61, 24, 23, 2, 14
2019/5/1, 115, 34, 34, 13, 2, 7
2019/5/2, 73, 47, 18, 12, 2, 11
2019/5/3, 99, 44, 23, 14, 2, 14
2019/5/4, 95, 34, 15, 16, 2, 8
2019/5/5, 73, 9, 19, 9, 2, 6
2019/5/6, 26, 9, 29, 6, 2, 5
2019/5/7, 19, 24, 24, 16, 2, 6
2019/5/8, 58, 19, 35, 10, 2, 6
2019/5/9, 34, 45, 36, 18, 2, 7
2019/5/10, 73, 67, 38, 21, 2, 8
2019/5/11, 135, 39, 41, 11, 2, 7
2019/5/12, 90, 43, 53, 9, 2, 5
2019/5/13, 66, 64, 39, 9, 2, 6
2019/5/14, 101, 60, 33, 14, 2, 7
2019/5/15, 106, 47, 41, 16, 2, 7
2019/5/16, 63, 62, 35, 20, 2, 9
2019/5/17, 105, 56, 32, 17, 2, 9
2019/5/18, 111, 49, 26, 12, 2, 8
2019/5/19, 82, 36, 34, 8, 2, 6
2019/5/20, 47, 50, 54, 13, 2, 7
2019/5/21, 72, 53, 45, 14, 2, 8
2019/5/22, 80, 70, 71, 26, 2, 9
2019/5/23, 119, 66, 47, 21, 2, 11
2019/5/24, 123, 61, 47, 21, 2, 11
2019/5/25, 126, 65, 52, 28, 2, 13
2019/5/26, 123, 55, 27, 19, 2, 11
2019/5/27, 77, 28, 23, 9, 2, 8
2019/5/28, 47, 16, 15, 9, 2, 8
2019/5/29, 42, 36, 28, 20, 2, 9
2019/5/30, 72, 57, 44, 25, 2, 15
2019/5/31, 110, 42, 58, 15, 2, 13
2019/6/1, 80, 55, 65, 22, 2, 13
2019/6/2, 84, 77, 98, 28, 2, 16
2019/6/3, 119, 84, 97, 24, 2, 12
2019/6/4, 136, 32, 62, 5, 2, 8
2019/6/5, 60, 31, 59, 13, 2, 8
2019/6/6, 51, 26, 67, 6, 2, 8
2019/6/7, 52, 38, 33, 11, 2, 9
2019/6/8, 78, 29, 71, 6, 2, 8
2019/6/9, 57, 41, 45, 10, 2, 9
2019/6/10, 73, 25, 31, 6, 2, 9
2019/6/11, 48, 26, 76, 7, 2, 4
2019/6/12, 42, 34, 57, 4, 2, 6
2019/6/13, 63, 29, 45, 6, 2, 7
2019/6/14, 63, 19, 33, 4, 2, 5
2019/6/15, 45, 30, 45, 9, 2, 6
2019/6/16, 52, 44, 20, 16, 2, 7
2019/6/17, 83, 38, 23, 13, 2, 7
2019/6/18, 64, 35, 23, 9, 2, 7
2019/6/19, 63, 44, 52, 10, 2, 10
2019/6/20, 66, 27, 38, 7, 2, 8
2019/6/21, 37, 15, 38, 2, 2, 7
2019/6/22, 17, 26, 41, 4, 2, 7
2019/6/23, 45, 23, 27, 6, 2, 6
2019/6/24, 48, 25, 20, 10, 2, 7
2019/6/25, 55, 46, 29, 16, 2, 9
2019/6/26, 83, 38, 39, 13, 2, 10
2019/6/27, 62, 21, 48, 11, 2, 8
2019/6/28, 27, 47, 54, 31, 2, 6
2019/6/29, 63, 64, 72, 29, 2, 10
2019/6/30, 88, 61, 117, 27, 2, 10
2019/1/1, 124, 67, 8, 23, 3, 6
2019/1/2, 149, 65, 4, 25, 3, 6
2019/1/3, 158, 59, 21, 24, 3, 8
2019/1/4, 139, 98, 24, 33, 4, 14
2019/1/5, 167, 129, 3, 32, 3, 12
2019/1/6, 175, 78, 17, 30, 3, 9
2019/1/7, 163, 93, 6, 35, 4, 13
2019/1/8, 170, 85, 5, 35, 4, 9
2019/1/9, 165, 64, 8, 23, 3, 9
2019/1/10, 141, 64, 24, 27, 3, 11
2019/1/11, 143, 72, 11, 29, 3, 13
2019/1/12, 157, 67, 23, 24, 3, 14
2019/1/13, 150, 92, 9, 35, 3, 15
2019/1/14, 173, 91, 25, 25, 3, 8
2019/1/15, 116, 61, 23, 28, 3, 10
2019/1/16, 128, 85, 5, 37, 4, 12
2019/1/17, 165, 140, 17, 27, 3, 12
2019/1/18, 156, 67, 29, 29, 3, 13
2019/1/19, 133, 86, 30, 32, 4, 14
2019/1/20, 142, 55, 20, 30, 3, 10
2019/1/21, 95, 71, 20, 30, 3, 13
2019/1/22, 145, 143, 12, 41, 4, 14
2019/1/23, 173, 91, 9, 42, 3, 10
2019/1/24, 166, 98, 10, 41, 3, 12
2019/1/25, 176, 103, 3, 38, 2, 14
2019/1/26, 176, 54, 9, 19, 2, 10
2019/1/27, 128, 54, 25, 24, 2, 11
2019/1/28, 123, 70, 17, 28, 2, 12
2019/1/29, 158, 71, 14, 27, 2, 11
2019/1/30, 153, 98, 9, 23, 3, 14
2019/1/31, 148, 59, 18, 27, 3, 12
2019/2/1, 145, 62, 11, 20, 3, 12
2019/2/2, 152, 54, 28, 19, 3, 11
2019/2/3, 115, 67, 34, 24, 4, 11
2019/2/4, 135, 92, 39, 24, 4, 12
2019/2/5, 175, 72, 35, 18, 3, 10
2019/2/6, 151, 63, 35, 22, 3, 11
2019/2/7, 131, 55, 22, 8, 3, 9
2019/2/8, 112, 52, 20, 7, 4, 9
2019/2/9, 89, 32, 22, 8, 4, 10
2019/2/10, 72, 49, 22, 15, 4, 12
2019/2/11, 106, 43, 29, 17, 3, 12
2019/2/12, 95, 57, 23, 22, 3, 13
2019/2/13, 135, 60, 11, 21, 3, 14
2019/2/14, 147, 61, 14, 26, 4, 14
2019/2/15, 116, 64, 11, 26, 4, 13
2019/2/16, 114, 40, 10, 16, 3, 12
2019/2/17, 86, 28, 15, 15, 3, 12
2019/2/18, 70, 47, 11, 22, 4, 14
2019/2/19, 101, 55, 16, 25, 4, 14
2019/2/20, 125, 60, 24, 29, 5, 17
2019/2/21, 131, 90, 2, 39, 8, 20
2019/2/22, 166, 75, 20, 30, 5, 17
2019/2/23, 157, 50, 9, 23, 3, 13
2019/2/24, 116, 55, 11, 29, 3, 15
2019/2/25, 131, 48, 16, 23, 3, 14
2019/2/26, 111, 53, 21, 26, 3, 15
2019/2/27, 113, 63, 12, 30, 4, 16
2019/2/28, 139, 146, 11, 22, 3, 12
2019/3/1, 95, 31, 27, 23, 3, 8
2019/3/2, 65, 46, 30, 27, 3, 9
2019/3/3, 93, 64, 19, 26, 3, 9
2019/3/4, 136, 58, 32, 27, 3, 9
2019/3/5, 117, 47, 19, 32, 3, 9
2019/3/6, 98, 32, 12, 22, 3, 7
2019/3/7, 83, 32, 18, 20, 3, 8
2019/3/8, 87, 53, 32, 26, 3, 9
2019/3/9, 124, 69, 37, 27, 3, 10
2019/3/10, 143, 78, 43, 27, 3, 9
2019/3/11, 149, 110, 26, 39, 4, 12
2019/3/12, 172, 105, 20, 28, 3, 9
2019/3/13, 151, 61, 17, 34, 3, 8
2019/3/14, 91, 61, 19, 30, 3, 8
2019/3/15, 122, 40, 24, 25, 3, 7
2019/3/16, 95, 51, 20, 27, 3, 9
2019/3/17, 120, 76, 27, 33, 4, 12
2019/3/18, 155, 75, 26, 32, 3, 11
2019/3/19, 152, 86, 15, 33, 4, 12
2019/3/20, 152, 76, 25, 24, 3, 8
2019/3/21, 102, 53, 26, 20, 3, 7
2019/3/22, 76, 39, 24, 20, 3, 7
2019/3/23, 63, 51, 24, 26, 3, 9
2019/3/24, 107, 70, 20, 30, 4, 11
2019/3/25, 135, 77, 32, 27, 4, 11
2019/3/26, 146, 85, 34, 29, 4, 12
2019/3/27, 147, 52, 46, 25, 3, 9
2019/3/28, 84, 82, 50, 38, 4, 11
2019/3/29, 133, 81, 25, 30, 3, 8
2019/3/30, 120, 57, 26, 24, 3, 7
2019/3/31, 82, 54, 15, 25, 3, 7
2018/10/1, 46, 34, 9, 19, , 7
2018/10/2, 68, 21, 23, 13, 3, 2
2018/10/3, 59, 37, 23, 21, 3, 4
2018/10/4, 81, 58, 18, 23, 3, 5
2018/10/5, 128, 62, 23, 20, 3, 6
2018/10/6, 142, 35, 12, 14, , 4
2018/10/7, 82, 34, 20, 17, 3, 4
2018/10/8, 81, 35, 20, 21, 3, 3
2018/10/9, 62, 43, 24, 16, 3, 3
2018/10/10, 59, 82, 2, 31, 3, 7
2018/10/11, 146, 94, 5, 30, 3, 8
2018/10/12, 166, , 7, 17, 3, 3
2018/10/13, 113, , 10, 18, 3, 4
2018/10/14, 134, , 20, 20, 3, 5
2018/10/15, 116, 59, 8, 25, 3, 6
2018/10/16, 153, 73, 1, 29, 3, 7
2018/10/17, 160, 41, 12, 17, 3, 3
2018/10/18, 104, 26, 16, 17, 3, 1
2018/10/19, 73, 30, 15, 17, 3, 2
2018/10/20, 74, 31, 30, 16, 3, 3
2018/10/21, 70, 68, 3, 31, 3, 6
2018/10/22, 133, 50, 25, 25, 3, 3
2018/10/23, 102, 65, 2, 26, 3, 4
2018/10/24, 132, 67, 25, 22, 4, 7
2018/10/25, 128, 90, 18, 29, 4, 10
2018/10/26, 152, 95, 11, 26, 4, 7
2018/10/27, 164, 90, 38, 20, 4, 7
2018/10/28, 167, 113, 20, 32, 4, 8
2018/10/29, 188, 91, 7, 25, 3, 6
2018/10/30, 163, 74, 26, 28, 4, 7
2018/10/31, 136, 97, 30, 35, 4, 5
2018/11/1, 171, 110, 42, 30, 4, 7
2018/11/2, 189, 92, 27, 28, 4, 7
2018/11/3, 167, 64, 25, 20, 3, 5
2018/11/4, 104, 43, 16, 21, 3, 3
2018/11/5, 72, 53, 19, 18, 3, 3
2018/11/6, 111, 29, 20, 17, 3, 2
2018/11/7, 47, 46, 27, 19, 3, 3
2018/11/8, 106, 64, 15, 25, 3, 4
2018/11/9, 154, 78, 13, 25, 3, 6
2018/11/10, 167, 72, 22, 25, 4, 8
2018/11/11, 149, 73, 17, 25, 4, 7
2018/11/12, 158, 68, 2, 24, 3, 6
2018/11/13, 153, 72, 1, 21, 3, 5
2018/11/14, 161, 56, 5, 18, 3, 3
2018/11/15, 119, 28, 11, 16, 3, 2
2018/11/16, 60, 24, 9, 15, 3, 1
2018/11/17, 64, 41, 26, 19, 3, 2
2018/11/18, 88, 61, 13, 24, 3, 6
2018/11/19, 119, 81, 6, 23, 3, 8
2018/11/20, 156, 84, 10, 26, 3, 7
2018/11/21, 153, 70, 21, 33, 3, 4
2018/11/22, 136, 81, 11, 33, 3, 5
2018/11/23, 159, 94, 16, 30, 3, 8
2018/11/24, 165, 130, 10, 31, 4, 14
2018/11/25, 194, 84, 13, 26, 3, 6
2018/11/26, 168, 82, 5, 29, 3, 9
2018/11/27, 160, 95, 6, 26, 4, 9
2018/11/28, 160, 106, 8, 28, 3, 8
2018/11/29, 168, 121, 5, 33, 3, 12
2018/11/30, 180, 86, 8, 28, 4, 11
2018/12/1, 146, 67, 6, 21, 3, 7
2018/12/2, 127, 93, 15, 24, 3, 7
2018/12/3, 123, 150, 5, 29, 3, 6
2018/12/4, 158, 105, 7, 22, 3, 5
2018/12/5, 121, 83, 8, 22, 3, 3
2018/12/6, 107, 50, 13, 17, 3, 2
2018/12/7, 74, 32, 9, 15, 3, 2
2018/12/8, 66, 29, 2, 13, 3, 4
2018/12/9, 66, 42, 3, 16, 3, 5
2018/12/10, 86, 62, 6, 19, 3, 8
2018/12/11, 121, 84, 4, 29, 4, 11
2018/12/12, 158, 99, 1, 32, 4, 10
2018/12/13, 168, 85, 2, 30, 3, 7
2018/12/14, 165, 77, 16, 26, 3, 7
2018/12/15, 155, 71, 22, 27, 3, 11
2018/12/16, 148, 99, 22, 37, 4, 14
2018/12/17, 177, 105, 16, 39, 3, 12
2018/12/18, 187, 105, 15, 34, 3, 11
2018/12/19, 192, 118, 3, 30, 3, 13
2018/12/20, 205, 87, 3, 30, 3, 11
2018/12/21, 172, 56, 26, 26, 3, 7
2018/12/22, 106, 56, 11, 29, 3, 6
2018/12/23, 100, 57, 4, 24, 3, 6
2018/12/24, 123, 41, 4, 21, 3, 7
2018/12/25, 91, 76, 6, 28, 4, 11
2018/12/26, 149, 56, 2, 23, 3, 8
2018/12/27, 132, 33, 13, 13, 3, 3
2018/12/28, 87, 49, 15, 14, 3, 3
2018/12/29, 112, 61, , 27, 3, 5
2018/12/30, 137, , , , , 
2018/7/1, 59, 23, 25, 10, 1, 9
2018/7/2, 47, 11, 29, 7, 2, 8
2018/7/3, 28, 24, 24, 15, 2, 10
2018/7/4, 51, 31, 68, 18, 2, 11
2018/7/5, 60, 24, 34, 11, 2, 11
2018/7/6, 46, 32, 38, 7, 2, 8
2018/7/7, 67, 31, 31, 7, 2, 7
2018/7/8, 79, 11, 24, 7, 1, 7
2018/7/9, 33, 28, 20, 13, 2, 8
2018/7/10, 67, 12, 34, 10, 2, 6
2018/7/11, 28, 23, 30, 15, 2, 6
2018/7/12, 49, 49, 75, 21, 2, 9
2018/7/13, 99, 51, 26, 20, 2, 8
2018/7/14, 100, 27, 34, 13, 2, 7
2018/7/15, 67, 30, 32, 19, 2, 8
2018/7/16, 54, 35, 10, 25, 2, 10
2018/7/17, 67, 53, 62, 18, 2, 9
2018/7/18, 108, 44, 60, 18, 1, 8
2018/7/19, 70, 44, 63, 18, 1, 7
2018/7/20, 63, 37, 94, 18, 2, 7
2018/7/21, 64, 58, 61, 26, 2, 10
2018/7/22, 116, 55, 40, 29, 4, 11
2018/7/23, 114, 58, 99, 28, 2, 10
2018/7/24, 125, 55, 74, 26, 3, 10
2018/7/25, 112, 45, 54, 21, 3, 7
2018/7/26, 100, 29, 52, 19, 2, 4
2018/7/27, 59, 46, 64, 22, 2, 6
2018/7/28, 98, 32, 77, 19, 3, 5
2018/7/29, 70, 26, 29, 16, 3, 4
2018/7/30, 58, 37, 27, 25, 2, 6
2018/7/31, 72, 50, 9, 25, 3, 8
2018/8/1, 92, 24, 22, 15, 3, 5
2018/8/2, 60, 20, 18, 14, 3, 5
2018/8/3, 50, 39, 69, 22, 2, 7
2018/8/4, 77, 52, 54, 26, 2, 8
2018/8/5, 94, 62, 115, 26, 3, 8
2018/8/6, 116, 38, 40, 21, 2, 6
2018/8/7, 78, 41, 39, 22, 3, 7
2018/8/8, 84, 41, 51, 25, 2, 8
2018/8/9, 86, 23, 44, 16, 2, 6
2018/8/10, 51, 44, 75, 16, 3, 7
2018/8/11, 86, 46, 61, 20, 3, 8
2018/8/12, 99, 56, 86, 21, 4, 9
2018/8/13, 113, 47, 80, 18, 3, 7
2018/8/14, 88, 61, 121, 23, 4, 9
2018/8/15, 125, 42, 55, 18, 3, 7
2018/8/16, 78, 46, 54, 19, 3, 7
2018/8/17, 73, 48, 101, 22, 3, 7
2018/8/18, 78, 63, 9, 38, 3, 10
2018/8/19, 121, 61, 39, 28, 3, 10
2018/8/20, 125, 62, 50, 21, 3, 10
2018/8/21, 123, 21, 67, 11, 2, 7
2018/8/22, 43, 60, 113, 21, 4, 10
2018/8/23, 122, 68, 35, 34, 4, 10
2018/8/24, 136, 53, 30, 21, 4, 7
2018/8/25, 116, 47, 61, 18, 3, 6
2018/8/26, 93, 57, 64, 25, 4, 7
2018/8/27, 110, 62, 110, 23, 4, 6
2018/8/28, 126, 69, 81, 27, 4, 8
2018/8/29, 146, 51, 56, 27, 3, 7
2018/8/30, 111, 45, 72, 21, 3, 6
2018/8/31, 97, 37, 51, 18, 3, 6
2018/9/1, 76, 35, 62, 11, 3, 5
2018/9/2, 71, 19, 38, 10, 2, 5
2018/9/3, 41, 53, 93, 22, 2, 9
2018/9/4, 91, 29, 26, 15, 2, 6
2018/9/5, 61, 26, 28, 17, 2, 5
2018/9/6, 59, 54, 26, 23, 3, 8
2018/9/7, 97, 55, 47, 23, 2, 7
2018/9/8, 98, 35, 27, 18, 2, 7
2018/9/9, 76, 26, 41, 12, 2, 5
2018/9/10, 61, 38, 18, 22, 2, 7
2018/9/11, 89, 43, 30, 21, 3, 8
2018/9/12, 98, 37, 21, 18, 2, 7
2018/9/13, 87, 40, 16, 19, 2, 8
2018/9/14, 92, , , , , 
2018/9/19, 75, 54, 6, 25, 3, 10
2018/9/20, 77, 35, 52, 22, 3, 6
2018/9/21, 53, 56, 60, 22, 3, 7
2018/9/22, 100, 50, 15, 15, , 7
2018/9/23, 120, 23, 25, 10, 3, 6
2018/9/24, 64, 18, 22, 8, 3, 6
2018/9/25, 33, 32, 1, 21, 3, 8
2018/9/26, 57, 22, 17, 14, 3, 6
2018/9/27, 45, 33, 35, 15, 2, 7
2018/9/28, 60, 46, 14, 21, 3, 8
2018/9/29, 64, 31, 11, 22, 3, 7
2018/9/30, 72, 20, 15, 14, 3, 6
2018/6/28, 73, 55, 34, 17, 1, 11
2018/6/29, 117, 26, 43, 11, 1, 8
2018/6/30, 46, 31, 46, 21, 2, 11
2023/11/12, , 24, , 8, 1, 3
2023/1/10, , 113, 1, 29, 1, 10
2021/8/19, , 24, 47, 8, 2, 5
2020/9/3, , 67, 53, 26, 3, 8
2019/12/31, , 76, 6, 16, 1, 11
2020/1/11, , 69, 8, 21, 3, 10
2019/8/9, , 32, 30, 26, 2, 1
2019/8/19, , 39, 8, 22, 2, 3
2018/12/31, , 54, 6, 21, 3, 5
2018/9/18, , 37, 25, 15, 3, 7
2018/6/27, , 38, 60, 22, 2, 9